  0
SECTION
  2
HEADER
  9
$ACADVER
  1
AC1032
  9
$ACADMAINTVER
 90
       55
  9
$DWGCODEPAGE
  3
ANSI_1252
  9
$LASTSAVEDBY
  1
001
  9
$REQUIREDVERSIONS
160
                 0
  9
$INSBASE
 10
0.0
 20
0.0
 30
0.0
  9
$EXTMIN
 10
-1092.7854
 20
215.6608
 30
0.0
  9
$EXTMAX
 10
1184.0108
 20
569.9837
 30
0.0
  9
$LIMMIN
 10
0.0
 20
0.0
  9
$LIMMAX
 10
12.0
 20
9.0
  9
$ORTHOMODE
 70
     0
  9
$REGENMODE
 70
     1
  9
$FILLMODE
 70
     1
  9
$QTEXTMODE
 70
     0
  9
$MIRRTEXT
 70
     1
  9
$LTSCALE
 40
1.0
  9
$ATTMODE
 70
     1
  9
$TEXTSIZE
 40
0.2
  9
$TRACEWID
 40
0.05
  9
$TEXTSTYLE
  7
Standard
  9
$CLAYER
  8
0
  9
$CELTYPE
  6
ByLayer
  9
$CECOLOR
 62
   256
  9
$CELTSCALE
 40
1.0
  9
$DISPSILH
 70
     0
  9
$DIMSCALE
 40
1.0
  9
$DIMASZ
 40
0.18
  9
$DIMEXO
 40
0.0625
  9
$DIMDLI
 40
0.38
  9
$DIMRND
 40
0.0
  9
$DIMDLE
 40
0.0
  9
$DIMEXE
 40
0.18
  9
$DIMTP
 40
0.0
  9
$DIMTM
 40
0.0
  9
$DIMTXT
 40
0.18
  9
$DIMCEN
 40
0.09
  9
$DIMTSZ
 40
0.0
  9
$DIMTOL
 70
     0
  9
$DIMLIM
 70
     0
  9
$DIMTIH
 70
     1
  9
$DIMTOH
 70
     1
  9
$DIMSE1
 70
     0
  9
$DIMSE2
 70
     0
  9
$DIMTAD
 70
     0
  9
$DIMZIN
 70
     0
  9
$DIMBLK
  1

  9
$DIMASO
 70
     1
  9
$DIMSHO
 70
     1
  9
$DIMPOST
  1

  9
$DIMAPOST
  1

  9
$DIMALT
 70
     0
  9
$DIMALTD
 70
     2
  9
$DIMALTF
 40
25.4
  9
$DIMLFAC
 40
1.0
  9
$DIMTOFL
 70
     0
  9
$DIMTVP
 40
0.0
  9
$DIMTIX
 70
     0
  9
$DIMSOXD
 70
     0
  9
$DIMSAH
 70
     0
  9
$DIMBLK1
  1

  9
$DIMBLK2
  1

  9
$DIMSTYLE
  2
Standard
  9
$DIMCLRD
 70
     0
  9
$DIMCLRE
 70
     0
  9
$DIMCLRT
 70
     0
  9
$DIMTFAC
 40
1.0
  9
$DIMGAP
 40
0.09
  9
$DIMJUST
 70
     0
  9
$DIMSD1
 70
     0
  9
$DIMSD2
 70
     0
  9
$DIMTOLJ
 70
     1
  9
$DIMTZIN
 70
     0
  9
$DIMALTZ
 70
     0
  9
$DIMALTTZ
 70
     0
  9
$DIMUPT
 70
     0
  9
$DIMDEC
 70
     4
  9
$DIMTDEC
 70
     4
  9
$DIMALTU
 70
     2
  9
$DIMALTTD
 70
     2
  9
$DIMTXSTY
  7
Standard
  9
$DIMAUNIT
 70
     0
  9
$DIMADEC
 70
     0
  9
$DIMALTRND
 40
0.0
  9
$DIMAZIN
 70
     0
  9
$DIMDSEP
 70
    46
  9
$DIMATFIT
 70
     3
  9
$DIMFRAC
 70
     0
  9
$DIMLDRBLK
  1

  9
$DIMLUNIT
 70
     2
  9
$DIMLWD
 70
    -2
  9
$DIMLWE
 70
    -2
  9
$DIMTMOVE
 70
     0
  9
$DIMFXL
 40
1.0
  9
$DIMFXLON
 70
     0
  9
$DIMJOGANG
 40
0.7853981633974483
  9
$DIMTFILL
 70
     0
  9
$DIMTFILLCLR
 70
     0
  9
$DIMARCSYM
 70
     0
  9
$DIMLTYPE
  6

  9
$DIMLTEX1
  6

  9
$DIMLTEX2
  6

  9
$DIMTXTDIRECTION
 70
     0
  9
$LUNITS
 70
     2
  9
$LUPREC
 70
     4
  9
$SKETCHINC
 40
0.1
  9
$FILLETRAD
 40
0.0
  9
$AUNITS
 70
     0
  9
$AUPREC
 70
     0
  9
$MENU
  1
.
  9
$ELEVATION
 40
0.0
  9
$PELEVATION
 40
0.0
  9
$THICKNESS
 40
0.0
  9
$LIMCHECK
 70
     0
  9
$CHAMFERA
 40
0.0
  9
$CHAMFERB
 40
0.0
  9
$CHAMFERC
 40
0.0
  9
$CHAMFERD
 40
0.0
  9
$SKPOLY
 70
     0
  9
$TDCREATE
 40
2461153.430540278
  9
$TDUCREATE
 40
2461153.555540278
  9
$TDUPDATE
 40
2461153.430540382
  9
$TDUUPDATE
 40
2461153.555540382
  9
$TDINDWG
 40
0.0000000116
  9
$TDUSRTIMER
 40
0.0000000116
  9
$USRTIMER
 70
     1
  9
$ANGBASE
 50
0.0
  9
$ANGDIR
 70
     0
  9
$PDMODE
 70
     0
  9
$PDSIZE
 40
0.0
  9
$PLINEWID
 40
0.0
  9
$SPLFRAME
 70
     0
  9
$SPLINETYPE
 70
     6
  9
$SPLINESEGS
 70
     8
  9
$HANDSEED
  5
D2
  9
$SURFTAB1
 70
     6
  9
$SURFTAB2
 70
     6
  9
$SURFTYPE
 70
     6
  9
$SURFU
 70
     6
  9
$SURFV
 70
     6
  9
$UCSBASE
  2

  9
$UCSNAME
  2

  9
$UCSORG
 10
0.0
 20
0.0
 30
0.0
  9
$UCSXDIR
 10
1.0
 20
0.0
 30
0.0
  9
$UCSYDIR
 10
0.0
 20
1.0
 30
0.0
  9
$UCSORTHOREF
  2

  9
$UCSORTHOVIEW
 70
     0
  9
$UCSORGTOP
 10
0.0
 20
0.0
 30
0.0
  9
$UCSORGBOTTOM
 10
0.0
 20
0.0
 30
0.0
  9
$UCSORGLEFT
 10
0.0
 20
0.0
 30
0.0
  9
$UCSORGRIGHT
 10
0.0
 20
0.0
 30
0.0
  9
$UCSORGFRONT
 10
0.0
 20
0.0
 30
0.0
  9
$UCSORGBACK
 10
0.0
 20
0.0
 30
0.0
  9
$PUCSBASE
  2

  9
$PUCSNAME
  2

  9
$PUCSORG
 10
0.0
 20
0.0
 30
0.0
  9
$PUCSXDIR
 10
1.0
 20
0.0
 30
0.0
  9
$PUCSYDIR
 10
0.0
 20
1.0
 30
0.0
  9
$PUCSORTHOREF
  2

  9
$PUCSORTHOVIEW
 70
     0
  9
$PUCSORGTOP
 10
0.0
 20
0.0
 30
0.0
  9
$PUCSORGBOTTOM
 10
0.0
 20
0.0
 30
0.0
  9
$PUCSORGLEFT
 10
0.0
 20
0.0
 30
0.0
  9
$PUCSORGRIGHT
 10
0.0
 20
0.0
 30
0.0
  9
$PUCSORGFRONT
 10
0.0
 20
0.0
 30
0.0
  9
$PUCSORGBACK
 10
0.0
 20
0.0
 30
0.0
  9
$USERI1
 70
     0
  9
$USERI2
 70
     0
  9
$USERI3
 70
     0
  9
$USERI4
 70
     0
  9
$USERI5
 70
     0
  9
$USERR1
 40
0.0
  9
$USERR2
 40
0.0
  9
$USERR3
 40
0.0
  9
$USERR4
 40
0.0
  9
$USERR5
 40
0.0
  9
$WORLDVIEW
 70
     1
  9
$SHADEDGE
 70
     3
  9
$SHADEDIF
 70
    70
  9
$TILEMODE
 70
     1
  9
$MAXACTVP
 70
    64
  9
$PINSBASE
 10
0.0
 20
0.0
 30
0.0
  9
$PLIMCHECK
 70
     0
  9
$PEXTMIN
 10
1.000000000000000E+20
 20
1.000000000000000E+20
 30
1.000000000000000E+20
  9
$PEXTMAX
 10
-1.000000000000000E+20
 20
-1.000000000000000E+20
 30
-1.000000000000000E+20
  9
$PLIMMIN
 10
0.0
 20
0.0
  9
$PLIMMAX
 10
12.0
 20
9.0
  9
$UNITMODE
 70
     0
  9
$VISRETAIN
 70
     1
  9
$PLINEGEN
 70
     0
  9
$PSLTSCALE
 70
     1
  9
$TREEDEPTH
 70
  3020
  9
$CMLSTYLE
  2
Standard
  9
$CMLJUST
 70
     0
  9
$CMLSCALE
 40
1.0
  9
$PROXYGRAPHICS
 70
     1
  9
$MEASUREMENT
 70
     0
  9
$CELWEIGHT
370
    -1
  9
$ENDCAPS
280
     0
  9
$JOINSTYLE
280
     0
  9
$LWDISPLAY
290
     0
  9
$INSUNITS
 70
     4
  9
$HYPERLINKBASE
  1

  9
$STYLESHEET
  1

  9
$XEDIT
290
     1
  9
$CEPSNTYPE
380
     0
  9
$PSTYLEMODE
290
     1
  9
$FINGERPRINTGUID
  2
{fb13c31a-a4c1-409c-99f2-e4b3e427face}
  9
$VERSIONGUID
  2
{FAEB1C32-E019-11D5-929B-00C0DF256EC4}
  9
$EXTNAMES
290
     1
  9
$PSVPSCALE
 40
0.0
  9
$OLESTARTUP
290
     0
  9
$SORTENTS
280
   127
  9
$INDEXCTL
280
     0
  9
$HIDETEXT
280
     1
  9
$XCLIPFRAME
280
     2
  9
$HALOGAP
280
     0
  9
$OBSCOLOR
 70
   257
  9
$OBSLTYPE
280
     0
  9
$INTERSECTIONDISPLAY
280
     0
  9
$INTERSECTIONCOLOR
 70
   257
  9
$DIMASSOC
280
     2
  9
$PROJECTNAME
  1

  9
$CAMERADISPLAY
290
     0
  9
$LENSLENGTH
 40
50.0
  9
$CAMERAHEIGHT
 40
0.0
  9
$STEPSPERSEC
 40
2.0
  9
$STEPSIZE
 40
6.0
  9
$3DDWFPREC
 40
2.0
  9
$PSOLWIDTH
 40
0.25
  9
$PSOLHEIGHT
 40
4.0
  9
$LOFTANG1
 40
1.570796326794897
  9
$LOFTANG2
 40
1.570796326794897
  9
$LOFTMAG1
 40
0.0
  9
$LOFTMAG2
 40
0.0
  9
$LOFTPARAM
 70
     7
  9
$LOFTNORMALS
280
     1
  9
$LATITUDE
 40
37.795
  9
$LONGITUDE
 40
-122.394
  9
$NORTHDIRECTION
 40
0.0
  9
$TIMEZONE
 70
 -8000
  9
$LIGHTGLYPHDISPLAY
280
     1
  9
$TILEMODELIGHTSYNCH
280
     1
  9
$CMATERIAL
347
44
  9
$SOLIDHIST
280
     0
  9
$SHOWHIST
280
     1
  9
$DWFFRAME
280
     2
  9
$DGNFRAME
280
     2
  9
$REALWORLDSCALE
290
     1
  9
$INTERFERECOLOR
 62
   256
  9
$CSHADOW
280
     0
  9
$SHADOWPLANELOCATION
 40
0.0
  0
ENDSEC
  0
SECTION
  2
CLASSES
  0
CLASS
  1
ACDBDICTIONARYWDFLT
  2
AcDbDictionaryWithDefault
  3
ObjectDBX Classes
 90
        0
 91
        3
280
     0
281
     0
  0
CLASS
  1
VISUALSTYLE
  2
AcDbVisualStyle
  3
ObjectDBX Classes
 90
     4095
 91
        3
280
     0
281
     0
  0
CLASS
  1
MATERIAL
  2
AcDbMaterial
  3
ObjectDBX Classes
 90
     1153
 91
        3
280
     0
281
     0
  0
CLASS
  1
SCALE
  2
AcDbScale
  3
ObjectDBX Classes
 90
     1153
 91
        3
280
     0
281
     0
  0
CLASS
  1
TABLESTYLE
  2
AcDbTableStyle
  3
ObjectDBX Classes
 90
     4095
 91
        3
280
     0
281
     0
  0
CLASS
  1
MLEADERSTYLE
  2
AcDbMLeaderStyle
  3
ACDB_MLEADERSTYLE_CLASS
 90
     4095
 91
        3
280
     0
281
     0
  0
CLASS
  1
SUN
  2
AcDbSun
  3
SCENEOE
 90
     1153
 91
        3
280
     0
281
     0
  0
CLASS
  1
DICTIONARYVAR
  2
AcDbDictionaryVar
  3
ObjectDBX Classes
 90
        0
 91
        3
280
     0
281
     0
  0
CLASS
  1
CELLSTYLEMAP
  2
AcDbCellStyleMap
  3
ObjectDBX Classes
 90
     1152
 91
        3
280
     0
281
     0
  0
ENDSEC
  0
SECTION
  2
TABLES
  0
TABLE
  2
VPORT
  5
8
330
0
100
AcDbSymbolTable
 70
     1
  0
VPORT
  5
29
330
8
100
AcDbSymbolTableRecord
100
AcDbViewportTableRecord
  2
*Active
 70
     0
 10
0.0
 20
0.0
 11
1.0
 21
1.0
 12
10.42990654205607
 22
4.5
 13
0.0
 23
0.0
 14
0.5
 24
0.5
 15
0.5
 25
0.5
 16
0.0
 26
0.0
 36
1.0
 17
0.0
 27
0.0
 37
0.0
 40
9.0
 41
1.972972972850329
 42
50.0
 43
0.0
 44
0.0
 50
0.0
 51
0.0
 71
     0
 72
   100
 73
     1
 74
     3
 75
     0
 76
     0
 77
     0
 78
     0
281
     0
 65
     1
110
0.0
120
0.0
130
0.0
111
1.0
121
0.0
131
0.0
112
0.0
122
1.0
132
0.0
 79
     0
146
0.0
348
2F
 60
     3
 61
     5
292
     1
282
     1
141
0.0
142
0.0
 63
   250
361
5D
  0
ENDTAB
  0
TABLE
  2
LTYPE
  5
5
330
0
100
AcDbSymbolTable
 70
     1
  0
LTYPE
  5
14
330
5
100
AcDbSymbolTableRecord
100
AcDbLinetypeTableRecord
  2
ByBlock
 70
     0
  3

 72
    65
 73
     0
 40
0.0
  0
LTYPE
  5
15
330
5
100
AcDbSymbolTableRecord
100
AcDbLinetypeTableRecord
  2
ByLayer
 70
     0
  3

 72
    65
 73
     0
 40
0.0
  0
LTYPE
  5
16
330
5
100
AcDbSymbolTableRecord
100
AcDbLinetypeTableRecord
  2
Continuous
 70
     0
  3
Solid line
 72
    65
 73
     0
 40
0.0
  0
ENDTAB
  0
TABLE
  2
LAYER
  5
2
330
0
100
AcDbSymbolTable
 70
     2
  0
LAYER
  5
10
330
2
100
AcDbSymbolTableRecord
100
AcDbLayerTableRecord
  2
0
 70
     0
 62
     7
  6
Continuous
370
    -3
390
F
347
46
348
0
  0
LAYER
  5
5F
330
2
100
AcDbSymbolTableRecord
100
AcDbLayerTableRecord
  2
Camada 1
 70
     0
 62
     7
  6
Continuous
370
    -3
390
F
347
46
348
0
  0
ENDTAB
  0
TABLE
  2
STYLE
  5
3
330
0
100
AcDbSymbolTable
 70
     1
  0
STYLE
  5
11
330
3
100
AcDbSymbolTableRecord
100
AcDbTextStyleTableRecord
  2
Standard
 70
     0
 40
0.0
 41
1.0
 50
0.0
 71
     0
 42
0.2
  3
txt
  4

  0
ENDTAB
  0
TABLE
  2
VIEW
  5
6
330
0
100
AcDbSymbolTable
 70
     0
  0
ENDTAB
  0
TABLE
  2
UCS
  5
7
330
0
100
AcDbSymbolTable
 70
     0
  0
ENDTAB
  0
TABLE
  2
APPID
  5
9
330
0
100
AcDbSymbolTable
 70
     2
  0
APPID
  5
12
330
9
100
AcDbSymbolTableRecord
100
AcDbRegAppTableRecord
  2
ACAD
 70
     0
  0
APPID
  5
5E
330
9
100
AcDbSymbolTableRecord
100
AcDbRegAppTableRecord
  2
ODA
 70
     0
  0
ENDTAB
  0
TABLE
  2
DIMSTYLE
  5
A
330
0
100
AcDbSymbolTable
 70
     1
100
AcDbDimStyleTable
  0
DIMSTYLE
105
27
330
A
100
AcDbSymbolTableRecord
100
AcDbDimStyleTableRecord
  2
Standard
 70
     0
178
     0
340
11
  0
ENDTAB
  0
TABLE
  2
BLOCK_RECORD
  5
1
330
0
100
AcDbSymbolTable
 70
     1
  0
BLOCK_RECORD
  5
1F
330
1
100
AcDbSymbolTableRecord
100
AcDbBlockTableRecord
  2
*Model_Space
340
22
 70
     0
280
     1
281
     0
  0
BLOCK_RECORD
  5
1B
330
1
100
AcDbSymbolTableRecord
100
AcDbBlockTableRecord
  2
*Paper_Space
340
1E
 70
     0
280
     1
281
     0
  0
BLOCK_RECORD
  5
23
330
1
100
AcDbSymbolTableRecord
100
AcDbBlockTableRecord
  2
*Paper_Space0
340
26
 70
     0
280
     1
281
     0
  0
ENDTAB
  0
ENDSEC
  0
SECTION
  2
BLOCKS
  0
BLOCK
  5
20
330
1F
100
AcDbEntity
  8
0
100
AcDbBlockBegin
  2
*Model_Space
 70
     0
 10
0.0
 20
0.0
 30
0.0
  3
*Model_Space
  1

  0
ENDBLK
  5
21
330
1F
100
AcDbEntity
  8
0
100
AcDbBlockEnd
  0
BLOCK
  5
1C
330
1B
100
AcDbEntity
 67
     1
  8
0
100
AcDbBlockBegin
  2
*Paper_Space
 70
     0
 10
0.0
 20
0.0
 30
0.0
  3
*Paper_Space
  1

  0
ENDBLK
  5
1D
330
1B
100
AcDbEntity
 67
     1
  8
0
100
AcDbBlockEnd
  0
BLOCK
  5
24
330
23
100
AcDbEntity
  8
0
100
AcDbBlockBegin
  2
*Paper_Space0
 70
     0
 10
0.0
 20
0.0
 30
0.0
  3
*Paper_Space0
  1

  0
ENDBLK
  5
25
330
23
100
AcDbEntity
  8
0
100
AcDbBlockEnd
  0
ENDSEC
  0
SECTION
  2
ENTITIES
  0
SPLINE
  5
60
330
1F
100
AcDbEntity
  8
Camada 1
370
    20
100
AcDbSpline
210
0.0
220
0.0
230
1.0
 70
    11
 71
     3
 72
   209
 73
   205
 74
     0
 42
0.0000000001
 43
0.0000000001
 40
0.0
 40
0.0
 40
0.0
 40
0.0
 40
0.0147058823529412
 40
0.0147058823529412
 40
0.0147058823529412
 40
0.0294117647058824
 40
0.0294117647058824
 40
0.0294117647058824
 40
0.0441176470588235
 40
0.0441176470588235
 40
0.0441176470588235
 40
0.0588235294117647
 40
0.0588235294117647
 40
0.0588235294117647
 40
0.0735294117647059
 40
0.0735294117647059
 40
0.0735294117647059
 40
0.0882352941176471
 40
0.0882352941176471
 40
0.0882352941176471
 40
0.1029411764705882
 40
0.1029411764705882
 40
0.1029411764705882
 40
0.1176470588235294
 40
0.1176470588235294
 40
0.1176470588235294
 40
0.1323529411764706
 40
0.1323529411764706
 40
0.1323529411764706
 40
0.1470588235294118
 40
0.1470588235294118
 40
0.1470588235294118
 40
0.1617647058823529
 40
0.1617647058823529
 40
0.1617647058823529
 40
0.1764705882352941
 40
0.1764705882352941
 40
0.1764705882352941
 40
0.1911764705882353
 40
0.1911764705882353
 40
0.1911764705882353
 40
0.2058823529411765
 40
0.2058823529411765
 40
0.2058823529411765
 40
0.2205882352941176
 40
0.2205882352941176
 40
0.2205882352941176
 40
0.2352941176470588
 40
0.2352941176470588
 40
0.2352941176470588
 40
0.25
 40
0.25
 40
0.25
 40
0.2647058823529412
 40
0.2647058823529412
 40
0.2647058823529412
 40
0.2794117647058824
 40
0.2794117647058824
 40
0.2794117647058824
 40
0.2941176470588235
 40
0.2941176470588235
 40
0.2941176470588235
 40
0.3088235294117647
 40
0.3088235294117647
 40
0.3088235294117647
 40
0.3235294117647059
 40
0.3235294117647059
 40
0.3235294117647059
 40
0.3382352941176471
 40
0.3382352941176471
 40
0.3382352941176471
 40
0.3529411764705882
 40
0.3529411764705882
 40
0.3529411764705882
 40
0.3676470588235294
 40
0.3676470588235294
 40
0.3676470588235294
 40
0.3823529411764706
 40
0.3823529411764706
 40
0.3823529411764706
 40
0.3970588235294117
 40
0.3970588235294117
 40
0.3970588235294117
 40
0.4117647058823529
 40
0.4117647058823529
 40
0.4117647058823529
 40
0.4264705882352941
 40
0.4264705882352941
 40
0.4264705882352941
 40
0.4411764705882353
 40
0.4411764705882353
 40
0.4411764705882353
 40
0.4558823529411765
 40
0.4558823529411765
 40
0.4558823529411765
 40
0.4705882352941176
 40
0.4705882352941176
 40
0.4705882352941176
 40
0.4852941176470588
 40
0.4852941176470588
 40
0.4852941176470588
 40
0.5
 40
0.5
 40
0.5
 40
0.5147058823529411
 40
0.5147058823529411
 40
0.5147058823529411
 40
0.5294117647058824
 40
0.5294117647058824
 40
0.5294117647058824
 40
0.5441176470588235
 40
0.5441176470588235
 40
0.5441176470588235
 40
0.5588235294117647
 40
0.5588235294117647
 40
0.5588235294117647
 40
0.5735294117647058
 40
0.5735294117647058
 40
0.5735294117647058
 40
0.5882352941176471
 40
0.5882352941176471
 40
0.5882352941176471
 40
0.6029411764705882
 40
0.6029411764705882
 40
0.6029411764705882
 40
0.6176470588235294
 40
0.6176470588235294
 40
0.6176470588235294
 40
0.6323529411764706
 40
0.6323529411764706
 40
0.6323529411764706
 40
0.6470588235294118
 40
0.6470588235294118
 40
0.6470588235294118
 40
0.6617647058823529
 40
0.6617647058823529
 40
0.6617647058823529
 40
0.6764705882352942
 40
0.6764705882352942
 40
0.6764705882352942
 40
0.6911764705882353
 40
0.6911764705882353
 40
0.6911764705882353
 40
0.7058823529411764
 40
0.7058823529411764
 40
0.7058823529411764
 40
0.7205882352941176
 40
0.7205882352941176
 40
0.7205882352941176
 40
0.7352941176470588
 40
0.7352941176470588
 40
0.7352941176470588
 40
0.75
 40
0.75
 40
0.75
 40
0.7647058823529411
 40
0.7647058823529411
 40
0.7647058823529411
 40
0.7794117647058824
 40
0.7794117647058824
 40
0.7794117647058824
 40
0.7941176470588235
 40
0.7941176470588235
 40
0.7941176470588235
 40
0.8088235294117647
 40
0.8088235294117647
 40
0.8088235294117647
 40
0.8235294117647058
 40
0.8235294117647058
 40
0.8235294117647058
 40
0.8382352941176471
 40
0.8382352941176471
 40
0.8382352941176471
 40
0.8529411764705882
 40
0.8529411764705882
 40
0.8529411764705882
 40
0.8676470588235294
 40
0.8676470588235294
 40
0.8676470588235294
 40
0.8823529411764706
 40
0.8823529411764706
 40
0.8823529411764706
 40
0.8970588235294118
 40
0.8970588235294118
 40
0.8970588235294118
 40
0.9117647058823529
 40
0.9117647058823529
 40
0.9117647058823529
 40
0.9264705882352942
 40
0.9264705882352942
 40
0.9264705882352942
 40
0.9411764705882353
 40
0.9411764705882353
 40
0.9411764705882353
 40
0.9558823529411764
 40
0.9558823529411764
 40
0.9558823529411764
 40
0.9705882352941176
 40
0.9705882352941176
 40
0.9705882352941176
 40
0.9852941176470588
 40
0.9852941176470588
 40
0.9852941176470588
 40
1.0
 40
1.0
 40
1.0
 40
1.0
 10
-849.2758
 20
229.4331
 30
0.0
 10
-862.6305
 20
225.4671
 30
0.0
 10
-876.046
 20
222.1946
 30
0.0
 10
-889.8015
 20
219.9537
 30
0.0
 10
-903.568
 20
217.711
 30
0.0
 10
-917.4143
 20
216.5215
 30
0.0
 10
-931.3345
 20
215.7765
 30
0.0
 10
-931.5304
 20
215.766
 30
0.0
 10
-931.7264
 20
215.7608
 30
0.0
 10
-931.9225
 20
215.7608
 30
0.0
 10
-955.2474
 20
215.7608
 30
0.0
 10
-978.5724
 20
215.7608
 30
0.0
 10
-1001.8973
 20
215.7608
 30
0.0
 10
-1002.0934
 20
215.7608
 30
0.0
 10
-1002.2894
 20
215.766
 30
0.0
 10
-1002.4852
 20
215.7765
 30
0.0
 10
-1016.4056
 20
216.5215
 30
0.0
 10
-1030.2518
 20
217.7109
 30
0.0
 10
-1044.0184
 20
219.9536
 30
0.0
 10
-1057.7739
 20
222.1946
 30
0.0
 10
-1071.1894
 20
225.4671
 30
0.0
 10
-1084.5441
 20
229.4331
 30
0.0
 10
-1091.6877
 20
231.5545
 30
0.0
 10
-1093.5458
 20
239.6746
 30
0.0
 10
-1092.3492
 20
246.2629
 30
0.0
 10
-1088.7195
 20
266.2448
 30
0.0
 10
-1084.4389
 20
285.8856
 30
0.0
 10
-1079.1961
 20
305.5098
 30
0.0
 10
-1075.5365
 20
319.2076
 30
0.0
 10
-1071.7486
 20
332.7644
 30
0.0
 10
-1068.8892
 20
346.6654
 30
0.0
 10
-1066.9899
 20
355.8992
 30
0.0
 10
-1065.643
 20
365.1801
 30
0.0
 10
-1064.1166
 20
374.4758
 30
0.0
 10
-1060.3515
 20
397.4049
 30
0.0
 10
-1054.1317
 20
423.5514
 30
0.0
 10
-1044.4042
 20
444.6571
 30
0.0
 10
-1037.9624
 20
458.6338
 30
0.0
 10
-1029.007
 20
472.8893
 30
0.0
 10
-1019.129
 20
484.693
 30
0.0
 10
-1006.236
 20
500.0995
 30
0.0
 10
-990.1977
 20
508.6873
 30
0.0
 10
-970.0582
 20
510.0141
 30
0.0
 10
-969.9739
 20
510.0196
 30
0.0
 10
-969.8896
 20
510.0242
 30
0.0
 10
-969.8052
 20
510.0278
 30
0.0
 10
-969.7834
 20
510.0288
 30
0.0
 10
-969.7618
 20
510.0297
 30
0.0
 10
-969.7403
 20
510.0306
 30
0.0
 10
-969.7078
 20
510.0321
 30
0.0
 10
-969.6752
 20
510.0335
 30
0.0
 10
-969.6426
 20
510.0347
 30
0.0
 10
-969.6426
 20
510.0347
 30
0.0
 10
-969.5918
 20
510.0368
 30
0.0
 10
-969.5918
 20
510.0368
 30
0.0
 10
-969.5918
 20
510.0368
 30
0.0
 10
-969.5792
 20
510.0368
 30
0.0
 10
-969.5792
 20
510.0368
 30
0.0
 10
-968.2838
 20
510.0768
 30
0.0
 10
-965.5741
 20
510.078
 30
0.0
 10
-964.2407
 20
510.0368
 30
0.0
 10
-964.2407
 20
510.0368
 30
0.0
 10
-964.2311
 20
510.0368
 30
0.0
 10
-964.2311
 20
510.0368
 30
0.0
 10
-964.2311
 20
510.0368
 30
0.0
 10
-964.1939
 20
510.0353
 30
0.0
 10
-964.1939
 20
510.0353
 30
0.0
 10
-964.1558
 20
510.0339
 30
0.0
 10
-964.1176
 20
510.0324
 30
0.0
 10
-964.0795
 20
510.0306
 30
0.0
 10
-964.058
 20
510.0297
 30
0.0
 10
-964.0364
 20
510.0288
 30
0.0
 10
-964.0146
 20
510.0278
 30
0.0
 10
-963.9302
 20
510.0242
 30
0.0
 10
-963.8458
 20
510.0196
 30
0.0
 10
-963.7615
 20
510.0141
 30
0.0
 10
-943.6221
 20
508.6873
 30
0.0
 10
-927.5838
 20
500.0994
 30
0.0
 10
-914.6908
 20
484.693
 30
0.0
 10
-904.8128
 20
472.8893
 30
0.0
 10
-895.8574
 20
458.6338
 30
0.0
 10
-889.4156
 20
444.6571
 30
0.0
 10
-879.6881
 20
423.5514
 30
0.0
 10
-873.4683
 20
397.4049
 30
0.0
 10
-869.7032
 20
374.4758
 30
0.0
 10
-868.1768
 20
365.1801
 30
0.0
 10
-866.8299
 20
355.8992
 30
0.0
 10
-864.9306
 20
346.6654
 30
0.0
 10
-862.0712
 20
332.7643
 30
0.0
 10
-858.2833
 20
319.2076
 30
0.0
 10
-854.6237
 20
305.5098
 30
0.0
 10
-852.0787
 20
295.9833
 30
0.0
 10
-849.7602
 20
286.4528
 30
0.0
 10
-847.6331
 20
276.8812
 30
0.0
 10
-847.5538
 20
276.5245
 30
0.0
 10
-847.6615
 20
276.1792
 30
0.0
 10
-847.9295
 20
275.9308
 30
0.0
 10
-847.9295
 20
275.9308
 30
0.0
 10
-848.3711
 20
275.5216
 30
0.0
 10
-848.3711
 20
275.5216
 30
0.0
 10
-848.3711
 20
275.5216
 30
0.0
 10
-848.3712
 20
275.5215
 30
0.0
 10
-848.3712
 20
275.5215
 30
0.0
 10
-848.6405
 20
275.2719
 30
0.0
 10
-848.748
 20
274.9241
 30
0.0
 10
-848.6665
 20
274.5661
 30
0.0
 10
-848.5849
 20
274.2081
 30
0.0
 10
-848.3375
 20
273.9411
 30
0.0
 10
-847.9867
 20
273.8327
 30
0.0
 10
-847.9867
 20
273.8327
 30
0.0
 10
-847.9867
 20
273.8327
 30
0.0
 10
-847.9867
 20
273.8327
 30
0.0
 10
-847.9867
 20
273.8327
 30
0.0
 10
-847.4465
 20
273.6657
 30
0.0
 10
-847.4465
 20
273.6657
 30
0.0
 10
-847.0922
 20
273.5562
 30
0.0
 10
-846.843
 20
273.2844
 30
0.0
 10
-846.7645
 20
272.9219
 30
0.0
 10
-846.5584
 20
271.9694
 30
0.0
 10
-846.3538
 20
271.0165
 30
0.0
 10
-846.1512
 20
270.0632
 30
0.0
 10
-846.0759
 20
269.709
 30
0.0
 10
-846.184
 20
269.368
 30
0.0
 10
-846.4496
 20
269.1218
 30
0.0
 10
-846.4496
 20
269.1218
 30
0.0
 10
-846.8334
 20
268.7661
 30
0.0
 10
-846.8334
 20
268.7661
 30
0.0
 10
-846.8334
 20
268.7661
 30
0.0
 10
-846.8335
 20
268.766
 30
0.0
 10
-846.8335
 20
268.766
 30
0.0
 10
-847.1028
 20
268.5164
 30
0.0
 10
-847.2103
 20
268.1686
 30
0.0
 10
-847.1288
 20
267.8106
 30
0.0
 10
-847.0472
 20
267.4526
 30
0.0
 10
-846.7998
 20
267.1856
 30
0.0
 10
-846.449
 20
267.0772
 30
0.0
 10
-846.449
 20
267.0772
 30
0.0
 10
-846.449
 20
267.0772
 30
0.0
 10
-846.449
 20
267.0772
 30
0.0
 10
-846.449
 20
267.0772
 30
0.0
 10
-846.0231
 20
266.9455
 30
0.0
 10
-846.0231
 20
266.9455
 30
0.0
 10
-845.6658
 20
266.835
 30
0.0
 10
-845.4151
 20
266.5592
 30
0.0
 10
-845.3392
 20
266.193
 30
0.0
 10
-845.3012
 20
266.0098
 30
0.0
 10
-845.2633
 20
265.8264
 30
0.0
 10
-845.2255
 20
265.6431
 30
0.0
 10
-845.1527
 20
265.2905
 30
0.0
 10
-845.261
 20
264.9524
 30
0.0
 10
-845.5251
 20
264.7076
 30
0.0
 10
-845.5251
 20
264.7076
 30
0.0
 10
-845.8426
 20
264.4133
 30
0.0
 10
-845.8426
 20
264.4133
 30
0.0
 10
-845.8426
 20
264.4133
 30
0.0
 10
-845.8428
 20
264.4131
 30
0.0
 10
-845.8428
 20
264.4131
 30
0.0
 10
-846.1121
 20
264.1635
 30
0.0
 10
-846.2196
 20
263.8158
 30
0.0
 10
-846.1381
 20
263.4578
 30
0.0
 10
-846.0566
 20
263.0998
 30
0.0
 10
-845.8093
 20
262.8328
 30
0.0
 10
-845.4585
 20
262.7243
 30
0.0
 10
-845.4585
 20
262.7243
 30
0.0
 10
-845.4581
 20
262.7242
 30
0.0
 10
-845.4581
 20
262.7242
 30
0.0
 10
-845.4581
 20
262.7242
 30
0.0
 10
-845.1411
 20
262.6262
 30
0.0
 10
-845.1411
 20
262.6262
 30
0.0
 10
-844.7819
 20
262.5152
 30
0.0
 10
-844.5302
 20
262.2368
 30
0.0
 10
-844.456
 20
261.8682
 30
0.0
 10
-844.4114
 20
261.6464
 30
0.0
 10
-844.3668
 20
261.4243
 30
0.0
 10
-844.3223
 20
261.2024
 30
0.0
 10
-844.2519
 20
260.8513
 30
0.0
 10
-844.3604
 20
260.5158
 30
0.0
 10
-844.6231
 20
260.2724
 30
0.0
 10
-844.6231
 20
260.2724
 30
0.0
 10
-844.8518
 20
260.0605
 30
0.0
 10
-844.8518
 20
260.0605
 30
0.0
 10
-844.8518
 20
260.0605
 30
0.0
 10
-844.8521
 20
260.0603
 30
0.0
 10
-844.8521
 20
260.0603
 30
0.0
 10
-845.1214
 20
259.8107
 30
0.0
 10
-845.2288
 20
259.463
 30
0.0
 10
-845.1473
 20
259.105
 30
0.0
 10
-845.0658
 20
258.7469
 30
0.0
 10
-844.8184
 20
258.48
 30
0.0
 10
-844.4676
 20
258.3715
 30
0.0
 10
-844.4676
 20
258.3715
 30
0.0
 10
-844.4673
 20
258.3714
 30
0.0
 10
-844.4673
 20
258.3714
 30
0.0
 10
-844.4673
 20
258.3714
 30
0.0
 10
-844.2854
 20
258.3152
 30
0.0
 10
-844.2854
 20
258.3152
 30
0.0
 10
-843.9243
 20
258.2036
 30
0.0
 10
-843.6719
 20
257.9227
 30
0.0
 10
-843.5993
 20
257.5518
 30
0.0
 10
-842.8651
 20
253.7997
 30
0.0
 10
-842.1562
 20
250.0373
 30
0.0
 10
-841.4706
 20
246.2628
 30
0.0
 10
-840.2739
 20
239.6745
 30
0.0
 10
-842.1323
 20
231.5545
 30
0.0
 10
-849.2758
 20
229.4331
 30
0.0
  0
SPLINE
  5
61
330
1F
100
AcDbEntity
  8
Camada 1
 62
     1
370
    20
100
AcDbSpline
210
0.0
220
0.0
230
1.0
 70
    11
 71
     3
 72
    41
 73
    37
 74
     0
 42
0.0000000001
 43
0.0000000001
 40
0.0
 40
0.0
 40
0.0
 40
0.0
 40
0.0833333333333333
 40
0.0833333333333333
 40
0.0833333333333333
 40
0.1666666666666667
 40
0.1666666666666667
 40
0.1666666666666667
 40
0.25
 40
0.25
 40
0.25
 40
0.3333333333333333
 40
0.3333333333333333
 40
0.3333333333333333
 40
0.4166666666666666
 40
0.4166666666666666
 40
0.4166666666666666
 40
0.5
 40
0.5
 40
0.5
 40
0.5833333333333333
 40
0.5833333333333333
 40
0.5833333333333333
 40
0.6666666666666666
 40
0.6666666666666666
 40
0.6666666666666666
 40
0.75
 40
0.75
 40
0.75
 40
0.8333333333333333
 40
0.8333333333333333
 40
0.8333333333333333
 40
0.9166666666666666
 40
0.9166666666666666
 40
0.9166666666666666
 40
1.0
 40
1.0
 40
1.0
 40
1.0
 10
-902.2583
 20
417.5812
 30
0.0
 10
-902.2583
 20
417.5812
 30
0.0
 10
-904.4433
 20
379.1263
 30
0.0
 10
-904.4433
 20
379.1263
 30
0.0
 10
-904.4646
 20
378.7511
 30
0.0
 10
-904.6741
 20
378.44
 30
0.0
 10
-905.0138
 20
378.2792
 30
0.0
 10
-905.3535
 20
378.1184
 30
0.0
 10
-905.7268
 20
378.1535
 30
0.0
 10
-906.0306
 20
378.3749
 30
0.0
 10
-906.0306
 20
378.3749
 30
0.0
 10
-913.0082
 20
383.4597
 30
0.0
 10
-913.0082
 20
383.4597
 30
0.0
 10
-913.2432
 20
383.631
 30
0.0
 10
-913.3806
 20
383.8675
 30
0.0
 10
-913.413
 20
384.1565
 30
0.0
 10
-913.413
 20
384.1565
 30
0.0
 10
-916.2361
 20
409.353
 30
0.0
 10
-916.2361
 20
409.353
 30
0.0
 10
-916.246
 20
409.441
 30
0.0
 10
-916.2639
 20
409.5151
 30
0.0
 10
-916.2954
 20
409.5978
 30
0.0
 10
-922.5219
 20
425.9228
 30
0.0
 10
-933.8129
 20
447.1106
 30
0.0
 10
-941.1846
 20
464.5353
 30
0.0
 10
-941.381
 20
464.9998
 30
0.0
 10
-941.2057
 20
465.5301
 30
0.0
 10
-940.7713
 20
465.7862
 30
0.0
 10
-940.3365
 20
466.0425
 30
0.0
 10
-939.787
 20
465.9385
 30
0.0
 10
-939.4759
 20
465.541
 30
0.0
 10
-939.4759
 20
465.541
 30
0.0
 10
-902.4692
 20
418.2543
 30
0.0
 10
-902.4692
 20
418.2543
 30
0.0
 10
-902.3134
 20
418.0553
 30
0.0
 10
-902.2439
 20
417.8336
 30
0.0
 10
-902.2583
 20
417.5812
 30
0.0
  0
SPLINE
  5
62
330
1F
100
AcDbEntity
  8
Camada 1
 62
     1
370
    20
100
AcDbSpline
210
0.0
220
0.0
230
1.0
 70
    11
 71
     3
 72
    38
 73
    34
 74
     0
 42
0.0000000001
 43
0.0000000001
 40
0.0
 40
0.0
 40
0.0
 40
0.0
 40
0.0909090909090909
 40
0.0909090909090909
 40
0.0909090909090909
 40
0.1818181818181818
 40
0.1818181818181818
 40
0.1818181818181818
 40
0.2727272727272727
 40
0.2727272727272727
 40
0.2727272727272727
 40
0.3636363636363636
 40
0.3636363636363636
 40
0.3636363636363636
 40
0.4545454545454546
 40
0.4545454545454546
 40
0.4545454545454546
 40
0.5454545454545454
 40
0.5454545454545454
 40
0.5454545454545454
 40
0.6363636363636364
 40
0.6363636363636364
 40
0.6363636363636364
 40
0.7272727272727273
 40
0.7272727272727273
 40
0.7272727272727273
 40
0.8181818181818182
 40
0.8181818181818182
 40
0.8181818181818182
 40
0.9090909090909092
 40
0.9090909090909092
 40
0.9090909090909092
 40
1.0
 40
1.0
 40
1.0
 40
1.0
 10
-905.7239
 20
356.5871
 30
0.0
 10
-905.7239
 20
356.5871
 30
0.0
 10
-906.2588
 20
347.1742
 30
0.0
 10
-906.2588
 20
347.1742
 30
0.0
 10
-906.2805
 20
346.7929
 30
0.0
 10
-906.497
 20
346.4772
 30
0.0
 10
-906.845
 20
346.3198
 30
0.0
 10
-907.193
 20
346.1624
 30
0.0
 10
-907.573
 20
346.2081
 30
0.0
 10
-907.8737
 20
346.4436
 30
0.0
 10
-907.8737
 20
346.4436
 30
0.0
 10
-908.9835
 20
347.3128
 30
0.0
 10
-908.9835
 20
347.3128
 30
0.0
 10
-909.2029
 20
347.4846
 30
0.0
 10
-909.3297
 20
347.7118
 30
0.0
 10
-909.3607
 20
347.9887
 30
0.0
 10
-909.3607
 20
347.9887
 30
0.0
 10
-910.2951
 20
356.328
 30
0.0
 10
-910.2951
 20
356.328
 30
0.0
 10
-910.3264
 20
356.6073
 30
0.0
 10
-910.2515
 20
356.8591
 30
0.0
 10
-910.0725
 20
357.0759
 30
0.0
 10
-909.8936
 20
357.2927
 30
0.0
 10
-909.6605
 20
357.414
 30
0.0
 10
-909.3803
 20
357.4362
 30
0.0
 10
-909.3803
 20
357.4362
 30
0.0
 10
-906.8014
 20
357.6407
 30
0.0
 10
-906.8014
 20
357.6407
 30
0.0
 10
-906.5031
 20
357.6644
 30
0.0
 10
-906.2371
 20
357.568
 30
0.0
 10
-906.0232
 20
357.3588
 30
0.0
 10
-905.8092
 20
357.1496
 30
0.0
 10
-905.7069
 20
356.8858
 30
0.0
 10
-905.7239
 20
356.5871
 30
0.0
  0
SPLINE
  5
63
330
1F
100
AcDbEntity
  8
Camada 1
 62
     1
370
    20
100
AcDbSpline
210
0.0
220
0.0
230
1.0
 70
    11
 71
     3
 72
    41
 73
    37
 74
     0
 42
0.0000000001
 43
0.0000000001
 40
0.0
 40
0.0
 40
0.0
 40
0.0
 40
0.0833333333333333
 40
0.0833333333333333
 40
0.0833333333333333
 40
0.1666666666666667
 40
0.1666666666666667
 40
0.1666666666666667
 40
0.25
 40
0.25
 40
0.25
 40
0.3333333333333333
 40
0.3333333333333333
 40
0.3333333333333333
 40
0.4166666666666666
 40
0.4166666666666666
 40
0.4166666666666666
 40
0.5
 40
0.5
 40
0.5
 40
0.5833333333333333
 40
0.5833333333333333
 40
0.5833333333333333
 40
0.6666666666666666
 40
0.6666666666666666
 40
0.6666666666666666
 40
0.75
 40
0.75
 40
0.75
 40
0.8333333333333333
 40
0.8333333333333333
 40
0.8333333333333333
 40
0.9166666666666666
 40
0.9166666666666666
 40
0.9166666666666666
 40
1.0
 40
1.0
 40
1.0
 40
1.0
 10
-1020.6903
 20
382.038
 30
0.0
 10
-1020.6903
 20
382.038
 30
0.0
 10
-1028.2472
 20
376.315
 30
0.0
 10
-1028.2472
 20
376.315
 30
0.0
 10
-1028.5514
 20
376.0846
 30
0.0
 10
-1028.9317
 20
376.0449
 30
0.0
 10
-1029.277
 20
376.2075
 30
0.0
 10
-1029.6222
 20
376.37
 30
0.0
 10
-1029.8338
 20
376.6885
 30
0.0
 10
-1029.85
 20
377.0698
 30
0.0
 10
-1029.85
 20
377.0698
 30
0.0
 10
-1031.569
 20
417.5892
 30
0.0
 10
-1031.569
 20
417.5892
 30
0.0
 10
-1031.5795
 20
417.8367
 30
0.0
 10
-1031.51
 20
418.0527
 30
0.0
 10
-1031.3574
 20
418.2478
 30
0.0
 10
-1031.3574
 20
418.2478
 30
0.0
 10
-994.3534
 20
465.5313
 30
0.0
 10
-994.3534
 20
465.5313
 30
0.0
 10
-994.0423
 20
465.9288
 30
0.0
 10
-993.4927
 20
466.0328
 30
0.0
 10
-993.0579
 20
465.7764
 30
0.0
 10
-992.6231
 20
465.52
 30
0.0
 10
-992.4481
 20
464.9887
 30
0.0
 10
-992.6455
 20
464.5241
 30
0.0
 10
-999.7952
 20
447.6921
 30
0.0
 10
-1010.0907
 20
429.0035
 30
0.0
 10
-1016.2966
 20
412.7284
 30
0.0
 10
-1016.3256
 20
412.6523
 30
0.0
 10
-1016.3427
 20
412.5844
 30
0.0
 10
-1016.3534
 20
412.5036
 30
0.0
 10
-1016.3534
 20
412.5036
 30
0.0
 10
-1020.3027
 20
382.7038
 30
0.0
 10
-1020.3027
 20
382.7038
 30
0.0
 10
-1020.3391
 20
382.4289
 30
0.0
 10
-1020.4692
 20
382.2054
 30
0.0
 10
-1020.6903
 20
382.038
 30
0.0
  0
SPLINE
  5
64
330
1F
100
AcDbEntity
  8
Camada 1
 62
     1
370
    20
100
AcDbSpline
210
0.0
220
0.0
230
1.0
 70
    11
 71
     3
 72
    35
 73
    31
 74
     0
 42
0.0000000001
 43
0.0000000001
 40
0.0
 40
0.0
 40
0.0
 40
0.0
 40
0.1
 40
0.1
 40
0.1
 40
0.2
 40
0.2
 40
0.2
 40
0.3
 40
0.3
 40
0.3
 40
0.4
 40
0.4
 40
0.4
 40
0.5
 40
0.5
 40
0.5
 40
0.6000000000000001
 40
0.6000000000000001
 40
0.6000000000000001
 40
0.7000000000000001
 40
0.7000000000000001
 40
0.7000000000000001
 40
0.8
 40
0.8
 40
0.8
 40
0.9
 40
0.9
 40
0.9
 40
1.0
 40
1.0
 40
1.0
 40
1.0
 10
-1028.6768
 20
359.575
 30
0.0
 10
-1028.6768
 20
359.575
 30
0.0
 10
-1024.6853
 20
362.5977
 30
0.0
 10
-1024.6853
 20
362.5977
 30
0.0
 10
-1024.3568
 20
362.8465
 30
0.0
 10
-1023.9346
 20
362.8721
 30
0.0
 10
-1023.5785
 20
362.6648
 30
0.0
 10
-1023.2223
 20
362.4574
 30
0.0
 10
-1023.0362
 20
362.0777
 30
0.0
 10
-1023.0903
 20
361.6692
 30
0.0
 10
-1023.0903
 20
361.6692
 30
0.0
 10
-1023.3232
 20
359.9114
 30
0.0
 10
-1023.3232
 20
359.9114
 30
0.0
 10
-1023.338
 20
359.7995
 30
0.0
 10
-1023.3662
 20
359.706
 30
0.0
 10
-1023.4156
 20
359.6046
 30
0.0
 10
-1023.4156
 20
359.6046
 30
0.0
 10
-1026.9226
 20
352.409
 30
0.0
 10
-1026.9226
 20
352.409
 30
0.0
 10
-1027.1258
 20
351.9921
 30
0.0
 10
-1027.5715
 20
351.7735
 30
0.0
 10
-1028.0256
 20
351.8682
 30
0.0
 10
-1028.4797
 20
351.9629
 30
0.0
 10
-1028.801
 20
352.3414
 30
0.0
 10
-1028.8206
 20
352.8048
 30
0.0
 10
-1028.8206
 20
352.8048
 30
0.0
 10
-1029.0722
 20
358.7354
 30
0.0
 10
-1029.0722
 20
358.7354
 30
0.0
 10
-1029.0866
 20
359.0735
 30
0.0
 10
-1028.9466
 20
359.3707
 30
0.0
 10
-1028.6768
 20
359.575
 30
0.0
  0
SPLINE
  5
65
330
1F
100
AcDbEntity
  8
Camada 1
 62
     1
370
    20
100
AcDbSpline
210
0.0
220
0.0
230
1.0
 70
    11
 71
     3
 72
    77
 73
    73
 74
     0
 42
0.0000000001
 43
0.0000000001
 40
0.0
 40
0.0
 40
0.0
 40
0.0
 40
0.0416666666666667
 40
0.0416666666666667
 40
0.0416666666666667
 40
0.0833333333333333
 40
0.0833333333333333
 40
0.0833333333333333
 40
0.125
 40
0.125
 40
0.125
 40
0.1666666666666667
 40
0.1666666666666667
 40
0.1666666666666667
 40
0.2083333333333333
 40
0.2083333333333333
 40
0.2083333333333333
 40
0.25
 40
0.25
 40
0.25
 40
0.2916666666666666
 40
0.2916666666666666
 40
0.2916666666666666
 40
0.3333333333333333
 40
0.3333333333333333
 40
0.3333333333333333
 40
0.375
 40
0.375
 40
0.375
 40
0.4166666666666666
 40
0.4166666666666666
 40
0.4166666666666666
 40
0.4583333333333333
 40
0.4583333333333333
 40
0.4583333333333333
 40
0.5
 40
0.5
 40
0.5
 40
0.5416666666666666
 40
0.5416666666666666
 40
0.5416666666666666
 40
0.5833333333333333
 40
0.5833333333333333
 40
0.5833333333333333
 40
0.625
 40
0.625
 40
0.625
 40
0.6666666666666666
 40
0.6666666666666666
 40
0.6666666666666666
 40
0.7083333333333333
 40
0.7083333333333333
 40
0.7083333333333333
 40
0.75
 40
0.75
 40
0.75
 40
0.7916666666666666
 40
0.7916666666666666
 40
0.7916666666666666
 40
0.8333333333333333
 40
0.8333333333333333
 40
0.8333333333333333
 40
0.875
 40
0.875
 40
0.875
 40
0.9166666666666666
 40
0.9166666666666666
 40
0.9166666666666666
 40
0.9583333333333333
 40
0.9583333333333333
 40
0.9583333333333333
 40
1.0
 40
1.0
 40
1.0
 40
1.0
 10
-1002.6707
 20
416.5377
 30
0.0
 10
-1001.3628
 20
416.3283
 30
0.0
 10
-999.6017
 20
416.0458
 30
0.0
 10
-998.6203
 20
415.8892
 30
0.0
 10
-998.2134
 20
415.8242
 30
0.0
 10
-997.829
 20
416.0002
 30
0.0
 10
-997.6122
 20
416.3507
 30
0.0
 10
-997.4338
 20
416.6392
 30
0.0
 10
-997.2415
 20
416.9243
 30
0.0
 10
-997.0414
 20
417.1786
 30
0.0
 10
-994.6253
 20
420.2452
 30
0.0
 10
-992.2004
 20
423.3052
 30
0.0
 10
-989.7801
 20
426.3685
 30
0.0
 10
-987.5062
 20
429.2464
 30
0.0
 10
-983.6741
 20
429.1403
 30
0.0
 10
-981.3424
 20
427.0978
 30
0.0
 10
-981.0215
 20
426.8167
 30
0.0
 10
-980.5812
 20
426.7676
 30
0.0
 10
-980.2063
 20
426.9712
 30
0.0
 10
-979.3894
 20
427.4148
 30
0.0
 10
-978.5395
 20
427.8046
 30
0.0
 10
-977.6578
 20
428.1389
 30
0.0
 10
-971.2892
 20
430.5539
 30
0.0
 10
-962.5303
 20
430.5538
 30
0.0
 10
-956.1618
 20
428.1387
 30
0.0
 10
-955.2885
 20
427.8075
 30
0.0
 10
-954.4464
 20
427.422
 30
0.0
 10
-953.6367
 20
426.9837
 30
0.0
 10
-953.2596
 20
426.7796
 30
0.0
 10
-952.8166
 20
426.8309
 30
0.0
 10
-952.4962
 20
427.1158
 30
0.0
 10
-951.9131
 20
427.6343
 30
0.0
 10
-951.2151
 20
428.0354
 30
0.0
 10
-950.422
 20
428.2979
 30
0.0
 10
-948.0993
 20
429.0667
 30
0.0
 10
-945.5537
 20
428.2841
 30
0.0
 10
-944.04
 20
426.3691
 30
0.0
 10
-941.6206
 20
423.3081
 30
0.0
 10
-939.2038
 20
420.2449
 30
0.0
 10
-936.7842
 20
417.1857
 30
0.0
 10
-936.5831
 20
416.9324
 30
0.0
 10
-936.3895
 20
416.6454
 30
0.0
 10
-936.2101
 20
416.3554
 30
0.0
 10
-935.9917
 20
416.0023
 30
0.0
 10
-935.6025
 20
415.8263
 30
0.0
 10
-935.1931
 20
415.8954
 30
0.0
 10
-934.2144
 20
416.0607
 30
0.0
 10
-932.4706
 20
416.3605
 30
0.0
 10
-931.1766
 20
416.5812
 30
0.0
 10
-930.8273
 20
416.6408
 30
0.0
 10
-930.5556
 20
416.858
 30
0.0
 10
-930.4204
 20
417.1855
 30
0.0
 10
-930.2853
 20
417.5131
 30
0.0
 10
-930.3248
 20
417.8588
 30
0.0
 10
-930.5304
 20
418.1473
 30
0.0
 10
-936.2204
 20
426.1081
 30
0.0
 10
-966.0963
 20
467.907
 30
0.0
 10
-966.0963
 20
467.907
 30
0.0
 10
-966.2901
 20
468.1781
 30
0.0
 10
-966.5767
 20
468.3255
 30
0.0
 10
-966.9099
 20
468.3255
 30
0.0
 10
-967.2431
 20
468.3255
 30
0.0
 10
-967.5298
 20
468.1781
 30
0.0
 10
-967.7235
 20
467.907
 30
0.0
 10
-967.7235
 20
467.907
 30
0.0
 10
-997.6102
 20
426.1021
 30
0.0
 10
-1003.3271
 20
418.1053
 30
0.0
 10
-1003.5337
 20
417.8153
 30
0.0
 10
-1003.5725
 20
417.4673
 30
0.0
 10
-1003.435
 20
417.1389
 30
0.0
 10
-1003.2975
 20
416.8105
 30
0.0
 10
-1003.0223
 20
416.594
 30
0.0
 10
-1002.6707
 20
416.5377
 30
0.0
  0
SPLINE
  5
66
330
1F
100
AcDbEntity
  8
Camada 1
 62
     1
370
    20
100
AcDbSpline
210
0.0
220
0.0
230
1.0
 70
    11
 71
     3
 72
    29
 73
    25
 74
     0
 42
0.0000000001
 43
0.0000000001
 40
0.0
 40
0.0
 40
0.0
 40
0.0
 40
0.125
 40
0.125
 40
0.125
 40
0.25
 40
0.25
 40
0.25
 40
0.375
 40
0.375
 40
0.375
 40
0.5
 40
0.5
 40
0.5
 40
0.625
 40
0.625
 40
0.625
 40
0.75
 40
0.75
 40
0.75
 40
0.875
 40
0.875
 40
0.875
 40
1.0
 40
1.0
 40
1.0
 40
1.0
 10
-1002.1068
 20
401.0207
 30
0.0
 10
-1002.1068
 20
401.0207
 30
0.0
 10
-1010.4297
 20
394.9556
 30
0.0
 10
-1010.4297
 20
394.9556
 30
0.0
 10
-1010.7598
 20
394.715
 30
0.0
 10
-1011.1772
 20
394.6953
 30
0.0
 10
-1011.5286
 20
394.9036
 30
0.0
 10
-1011.88
 20
395.1119
 30
0.0
 10
-1012.063
 20
395.4876
 30
0.0
 10
-1012.0103
 20
395.8927
 30
0.0
 10
-1012.0103
 20
395.8927
 30
0.0
 10
-1010.8967
 20
404.4583
 30
0.0
 10
-1010.8967
 20
404.4583
 30
0.0
 10
-1010.8606
 20
404.7358
 30
0.0
 10
-1010.7289
 20
404.9615
 30
0.0
 10
-1010.505
 20
405.1294
 30
0.0
 10
-1010.2811
 20
405.2973
 30
0.0
 10
-1010.0275
 20
405.3605
 30
0.0
 10
-1009.751
 20
405.3174
 30
0.0
 10
-1009.751
 20
405.3174
 30
0.0
 10
-1002.9112
 20
404.2511
 30
0.0
 10
-1002.9112
 20
404.2511
 30
0.0
 10
-1001.3041
 20
404.0005
 30
0.0
 10
-1000.8001
 20
401.9731
 30
0.0
 10
-1002.1068
 20
401.0207
 30
0.0
  0
SPLINE
  5
67
330
1F
100
AcDbEntity
  8
Camada 1
 62
     1
370
    20
100
AcDbSpline
210
0.0
220
0.0
230
1.0
 70
    11
 71
     3
 72
    23
 73
    19
 74
     0
 42
0.0000000001
 43
0.0000000001
 40
0.0
 40
0.0
 40
0.0
 40
0.0
 40
0.1666666666666667
 40
0.1666666666666667
 40
0.1666666666666667
 40
0.3333333333333333
 40
0.3333333333333333
 40
0.3333333333333333
 40
0.5
 40
0.5
 40
0.5
 40
0.6666666666666666
 40
0.6666666666666666
 40
0.6666666666666666
 40
0.8333333333333333
 40
0.8333333333333333
 40
0.8333333333333333
 40
1.0
 40
1.0
 40
1.0
 40
1.0
 10
-927.5605
 20
373.8649
 30
0.0
 10
-926.8762
 20
373.3667
 30
0.0
 10
-927.1954
 20
372.308
 30
0.0
 10
-928.0325
 20
372.2417
 30
0.0
 10
-928.0325
 20
372.2417
 30
0.0
 10
-934.3894
 20
371.7379
 30
0.0
 10
-934.3894
 20
371.7379
 30
0.0
 10
-934.9465
 20
371.6936
 30
0.0
 10
-935.4138
 20
372.1389
 30
0.0
 10
-935.378
 20
372.694
 30
0.0
 10
-935.378
 20
372.694
 30
0.0
 10
-935.061
 20
377.5991
 30
0.0
 10
-935.061
 20
377.5991
 30
0.0
 10
-935.0144
 20
378.3194
 30
0.0
 10
-934.1819
 20
378.69
 30
0.0
 10
-933.6005
 20
378.2665
 30
0.0
 10
-933.6005
 20
378.2665
 30
0.0
 10
-927.5605
 20
373.8649
 30
0.0
 10
-927.5605
 20
373.8649
 30
0.0
  0
SPLINE
  5
68
330
1F
100
AcDbEntity
  8
Camada 1
 62
     1
370
    20
100
AcDbSpline
210
0.0
220
0.0
230
1.0
 70
    11
 71
     3
 72
    29
 73
    25
 74
     0
 42
0.0000000001
 43
0.0000000001
 40
0.0
 40
0.0
 40
0.0
 40
0.0
 40
0.125
 40
0.125
 40
0.125
 40
0.25
 40
0.25
 40
0.25
 40
0.375
 40
0.375
 40
0.375
 40
0.5
 40
0.5
 40
0.5
 40
0.625
 40
0.625
 40
0.625
 40
0.75
 40
0.75
 40
0.75
 40
0.875
 40
0.875
 40
0.875
 40
1.0
 40
1.0
 40
1.0
 40
1.0
 10
-922.9231
 20
404.4589
 30
0.0
 10
-922.9231
 20
404.4589
 30
0.0
 10
-921.809
 20
395.89
 30
0.0
 10
-921.809
 20
395.89
 30
0.0
 10
-921.7563
 20
395.485
 30
0.0
 10
-921.9393
 20
395.1092
 30
0.0
 10
-922.2906
 20
394.9009
 30
0.0
 10
-922.642
 20
394.6925
 30
0.0
 10
-923.0595
 20
394.7123
 30
0.0
 10
-923.3896
 20
394.9529
 30
0.0
 10
-923.3896
 20
394.9529
 30
0.0
 10
-931.7161
 20
401.0207
 30
0.0
 10
-931.7161
 20
401.0207
 30
0.0
 10
-933.0232
 20
401.9733
 30
0.0
 10
-932.5188
 20
404.0005
 30
0.0
 10
-930.9118
 20
404.2511
 30
0.0
 10
-930.9118
 20
404.2511
 30
0.0
 10
-924.0688
 20
405.318
 30
0.0
 10
-924.0688
 20
405.318
 30
0.0
 10
-923.7923
 20
405.3611
 30
0.0
 10
-923.5387
 20
405.2979
 30
0.0
 10
-923.3148
 20
405.13
 30
0.0
 10
-923.0909
 20
404.9621
 30
0.0
 10
-922.9592
 20
404.7364
 30
0.0
 10
-922.9231
 20
404.4589
 30
0.0
  0
SPLINE
  5
69
330
1F
100
AcDbEntity
  8
Camada 1
 62
     1
370
    20
100
AcDbSpline
210
0.0
220
0.0
230
1.0
 70
    11
 71
     3
 72
    29
 73
    25
 74
     0
 42
0.0000000001
 43
0.0000000001
 40
0.0
 40
0.0
 40
0.0
 40
0.0
 40
0.125
 40
0.125
 40
0.125
 40
0.25
 40
0.25
 40
0.25
 40
0.375
 40
0.375
 40
0.375
 40
0.5
 40
0.5
 40
0.5
 40
0.625
 40
0.625
 40
0.625
 40
0.75
 40
0.75
 40
0.75
 40
0.875
 40
0.875
 40
0.875
 40
1.0
 40
1.0
 40
1.0
 40
1.0
 10
-943.3788
 20
459.9877
 30
0.0
 10
-943.3788
 20
459.9877
 30
0.0
 10
-937.324
 20
440.2231
 30
0.0
 10
-937.324
 20
440.2231
 30
0.0
 10
-937.1789
 20
439.7494
 30
0.0
 10
-937.3956
 20
439.2498
 30
0.0
 10
-937.8406
 20
439.032
 30
0.0
 10
-938.2855
 20
438.8143
 30
0.0
 10
-938.8128
 20
438.9496
 30
0.0
 10
-939.0979
 20
439.3547
 30
0.0
 10
-939.0979
 20
439.3547
 30
0.0
 10
-959.4406
 20
468.2562
 30
0.0
 10
-959.4406
 20
468.2562
 30
0.0
 10
-959.7068
 20
468.6345
 30
0.0
 10
-959.684
 20
469.1285
 30
0.0
 10
-959.3839
 20
469.4805
 30
0.0
 10
-959.0839
 20
469.8324
 30
0.0
 10
-958.5998
 20
469.9333
 30
0.0
 10
-958.1842
 20
469.7304
 30
0.0
 10
-952.6811
 20
467.0451
 30
0.0
 10
-949.0383
 20
464.7529
 30
0.0
 10
-943.709
 20
460.4746
 30
0.0
 10
-943.5457
 20
460.3435
 30
0.0
 10
-943.4401
 20
460.1879
 30
0.0
 10
-943.3788
 20
459.9877
 30
0.0
  0
SPLINE
  5
6A
330
1F
100
AcDbEntity
  8
Camada 1
 62
     1
370
    20
100
AcDbSpline
210
0.0
220
0.0
230
1.0
 70
    11
 71
     3
 72
    29
 73
    25
 74
     0
 42
0.0000000001
 43
0.0000000001
 40
0.0
 40
0.0
 40
0.0
 40
0.0
 40
0.125
 40
0.125
 40
0.125
 40
0.25
 40
0.25
 40
0.25
 40
0.375
 40
0.375
 40
0.375
 40
0.5
 40
0.5
 40
0.5
 40
0.625
 40
0.625
 40
0.625
 40
0.75
 40
0.75
 40
0.75
 40
0.875
 40
0.875
 40
0.875
 40
1.0
 40
1.0
 40
1.0
 40
1.0
 10
-974.3808
 20
468.2562
 30
0.0
 10
-974.3808
 20
468.2562
 30
0.0
 10
-994.7238
 20
439.3546
 30
0.0
 10
-994.7238
 20
439.3546
 30
0.0
 10
-995.009
 20
438.9495
 30
0.0
 10
-995.5366
 20
438.8142
 30
0.0
 10
-995.9815
 20
439.0321
 30
0.0
 10
-996.4262
 20
439.25
 30
0.0
 10
-996.6428
 20
439.7495
 30
0.0
 10
-996.4977
 20
440.2231
 30
0.0
 10
-996.4977
 20
440.2231
 30
0.0
 10
-990.4428
 20
459.9877
 30
0.0
 10
-990.4428
 20
459.9877
 30
0.0
 10
-990.3815
 20
460.1879
 30
0.0
 10
-990.2759
 20
460.3436
 30
0.0
 10
-990.1126
 20
460.4747
 30
0.0
 10
-984.7834
 20
464.7531
 30
0.0
 10
-981.1405
 20
467.0452
 30
0.0
 10
-975.6372
 20
469.7305
 30
0.0
 10
-975.2215
 20
469.9334
 30
0.0
 10
-974.7374
 20
469.8324
 30
0.0
 10
-974.4374
 20
469.4804
 30
0.0
 10
-974.1375
 20
469.1284
 30
0.0
 10
-974.1146
 20
468.6344
 30
0.0
 10
-974.3808
 20
468.2562
 30
0.0
  0
SPLINE
  5
6B
330
1F
100
AcDbEntity
  8
Camada 1
 62
     3
370
    20
100
AcDbSpline
210
0.0
220
0.0
230
1.0
 70
    11
 71
     3
 72
    11
 73
     7
 74
     0
 42
0.0000000001
 43
0.0000000001
 40
0.0
 40
0.0
 40
0.0
 40
0.0
 40
0.5
 40
0.5
 40
0.5
 40
1.0
 40
1.0
 40
1.0
 40
1.0
 10
-885.1382
 20
382.4619
 30
0.0
 10
-886.3453
 20
382.4619
 30
0.0
 10
-886.3453
 20
380.6586
 30
0.0
 10
-885.1382
 20
380.6586
 30
0.0
 10
-883.931
 20
380.6586
 30
0.0
 10
-883.931
 20
382.4619
 30
0.0
 10
-885.1382
 20
382.4619
 30
0.0
  0
SPLINE
  5
6C
330
1F
100
AcDbEntity
  8
Camada 1
 62
     3
370
    20
100
AcDbSpline
210
0.0
220
0.0
230
1.0
 70
    11
 71
     3
 72
    11
 73
     7
 74
     0
 42
0.0000000001
 43
0.0000000001
 40
0.0
 40
0.0
 40
0.0
 40
0.0
 40
0.5
 40
0.5
 40
0.5
 40
1.0
 40
1.0
 40
1.0
 40
1.0
 10
-1048.6812
 20
382.4619
 30
0.0
 10
-1047.4745
 20
382.4619
 30
0.0
 10
-1047.4743
 20
380.6586
 30
0.0
 10
-1048.6812
 20
380.6586
 30
0.0
 10
-1049.8882
 20
380.6586
 30
0.0
 10
-1049.8881
 20
382.4619
 30
0.0
 10
-1048.6812
 20
382.4619
 30
0.0
  0
SPLINE
  5
6D
330
1F
100
AcDbEntity
  8
Camada 1
 62
     3
370
    20
100
AcDbSpline
210
0.0
220
0.0
230
1.0
 70
    11
 71
     3
 72
    11
 73
     7
 74
     0
 42
0.0000000001
 43
0.0000000001
 40
0.0
 40
0.0
 40
0.0
 40
0.0
 40
0.5
 40
0.5
 40
0.5
 40
1.0
 40
1.0
 40
1.0
 40
1.0
 10
-966.9101
 20
397.6384
 30
0.0
 10
-965.6986
 20
397.6384
 30
0.0
 10
-965.6986
 20
395.837
 30
0.0
 10
-966.9101
 20
395.837
 30
0.0
 10
-968.1216
 20
395.837
 30
0.0
 10
-968.1216
 20
397.6384
 30
0.0
 10
-966.9101
 20
397.6384
 30
0.0
  0
SPLINE
  5
6E
330
1F
100
AcDbEntity
  8
Camada 1
 62
     3
370
    20
100
AcDbSpline
210
0.0
220
0.0
230
1.0
 70
    11
 71
     3
 72
    11
 73
     7
 74
     0
 42
0.0000000001
 43
0.0000000001
 40
0.0
 40
0.0
 40
0.0
 40
0.0
 40
0.5
 40
0.5
 40
0.5
 40
1.0
 40
1.0
 40
1.0
 40
1.0
 10
-966.9101
 20
315.125
 30
0.0
 10
-965.6986
 20
315.125
 30
0.0
 10
-965.6986
 20
313.3236
 30
0.0
 10
-966.9101
 20
313.3236
 30
0.0
 10
-968.1216
 20
313.3236
 30
0.0
 10
-968.1216
 20
315.125
 30
0.0
 10
-966.9101
 20
315.125
 30
0.0
  0
SPLINE
  5
6F
330
1F
100
AcDbEntity
  8
Camada 1
 62
     3
370
    20
100
AcDbSpline
210
0.0
220
0.0
230
1.0
 70
    11
 71
     3
 72
    11
 73
     7
 74
     0
 42
0.0000000001
 43
0.0000000001
 40
0.0
 40
0.0
 40
0.0
 40
0.0
 40
0.5
 40
0.5
 40
0.5
 40
1.0
 40
1.0
 40
1.0
 40
1.0
 10
-1008.8002
 20
279.2655
 30
0.0
 10
-1007.5887
 20
279.2655
 30
0.0
 10
-1007.5887
 20
277.4641
 30
0.0
 10
-1008.8002
 20
277.4641
 30
0.0
 10
-1010.0117
 20
277.4641
 30
0.0
 10
-1010.0117
 20
279.2655
 30
0.0
 10
-1008.8002
 20
279.2655
 30
0.0
  0
SPLINE
  5
70
330
1F
100
AcDbEntity
  8
Camada 1
 62
     3
370
    20
100
AcDbSpline
210
0.0
220
0.0
230
1.0
 70
    11
 71
     3
 72
    11
 73
     7
 74
     0
 42
0.0000000001
 43
0.0000000001
 40
0.0
 40
0.0
 40
0.0
 40
0.0
 40
0.5
 40
0.5
 40
0.5
 40
1.0
 40
1.0
 40
1.0
 40
1.0
 10
-924.0995
 20
278.3648
 30
0.0
 10
-924.0995
 20
277.1789
 30
0.0
 10
-925.9397
 20
277.1788
 30
0.0
 10
-925.9397
 20
278.3648
 30
0.0
 10
-925.9397
 20
279.5508
 30
0.0
 10
-924.0995
 20
279.5507
 30
0.0
 10
-924.0995
 20
278.3648
 30
0.0
  0
SPLINE
  5
71
330
1F
100
AcDbEntity
  8
Camada 1
 62
     3
370
    20
100
AcDbSpline
210
0.0
220
0.0
230
1.0
 70
    11
 71
     3
 72
    11
 73
     7
 74
     0
 42
0.0000000001
 43
0.0000000001
 40
0.0
 40
0.0
 40
0.0
 40
0.0
 40
0.5
 40
0.5
 40
0.5
 40
1.0
 40
1.0
 40
1.0
 40
1.0
 10
-1076.8537
 20
256.3511
 30
0.0
 10
-1075.6422
 20
256.3511
 30
0.0
 10
-1075.6423
 20
254.5497
 30
0.0
 10
-1076.8537
 20
254.5497
 30
0.0
 10
-1078.0651
 20
254.5497
 30
0.0
 10
-1078.0652
 20
256.3511
 30
0.0
 10
-1076.8537
 20
256.3511
 30
0.0
  0
SPLINE
  5
72
330
1F
100
AcDbEntity
  8
Camada 1
 62
     3
370
    20
100
AcDbSpline
210
0.0
220
0.0
230
1.0
 70
    11
 71
     3
 72
    11
 73
     7
 74
     0
 42
0.0000000001
 43
0.0000000001
 40
0.0
 40
0.0
 40
0.0
 40
0.0
 40
0.5
 40
0.5
 40
0.5
 40
1.0
 40
1.0
 40
1.0
 40
1.0
 10
-857.8862
 20
255.4504
 30
0.0
 10
-857.8862
 20
256.6364
 30
0.0
 10
-856.046
 20
256.6363
 30
0.0
 10
-856.046
 20
255.4504
 30
0.0
 10
-856.046
 20
254.2645
 30
0.0
 10
-857.8862
 20
254.2644
 30
0.0
 10
-857.8862
 20
255.4504
 30
0.0
  0
SPLINE
  5
73
330
1F
100
AcDbEntity
  8
Camada 1
 62
     3
370
    20
100
AcDbSpline
210
0.0
220
0.0
230
1.0
 70
    11
 71
     3
 72
    11
 73
     7
 74
     0
 42
0.0000000001
 43
0.0000000001
 40
0.0
 40
0.0
 40
0.0
 40
0.0
 40
0.5
 40
0.5
 40
0.5
 40
1.0
 40
1.0
 40
1.0
 40
1.0
 10
-1035.236
 20
432.44
 30
0.0
 10
-1034.0245
 20
432.44
 30
0.0
 10
-1034.0246
 20
430.6386
 30
0.0
 10
-1035.236
 20
430.6386
 30
0.0
 10
-1036.4474
 20
430.6386
 30
0.0
 10
-1036.4475
 20
432.44
 30
0.0
 10
-1035.236
 20
432.44
 30
0.0
  0
SPLINE
  5
74
330
1F
100
AcDbEntity
  8
Camada 1
 62
     3
370
    20
100
AcDbSpline
210
0.0
220
0.0
230
1.0
 70
    11
 71
     3
 72
    11
 73
     7
 74
     0
 42
0.0000000001
 43
0.0000000001
 40
0.0
 40
0.0
 40
0.0
 40
0.0
 40
0.5
 40
0.5
 40
0.5
 40
1.0
 40
1.0
 40
1.0
 40
1.0
 10
-898.5838
 20
430.6386
 30
0.0
 10
-899.7954
 20
430.6386
 30
0.0
 10
-899.7954
 20
432.44
 30
0.0
 10
-898.5838
 20
432.44
 30
0.0
 10
-897.3722
 20
432.44
 30
0.0
 10
-897.3722
 20
430.6386
 30
0.0
 10
-898.5838
 20
430.6386
 30
0.0
  0
SPLINE
  5
75
330
1F
100
AcDbEntity
  8
Camada 1
370
    20
100
AcDbSpline
210
0.0
220
0.0
230
1.0
 70
    11
 71
     3
 72
   164
 73
   160
 74
     0
 42
0.0000000001
 43
0.0000000001
 40
0.0
 40
0.0
 40
0.0
 40
0.0
 40
0.0188679245283019
 40
0.0188679245283019
 40
0.0188679245283019
 40
0.0377358490566038
 40
0.0377358490566038
 40
0.0377358490566038
 40
0.0566037735849057
 40
0.0566037735849057
 40
0.0566037735849057
 40
0.0754716981132075
 40
0.0754716981132075
 40
0.0754716981132075
 40
0.0943396226415094
 40
0.0943396226415094
 40
0.0943396226415094
 40
0.1132075471698113
 40
0.1132075471698113
 40
0.1132075471698113
 40
0.1320754716981132
 40
0.1320754716981132
 40
0.1320754716981132
 40
0.1509433962264151
 40
0.1509433962264151
 40
0.1509433962264151
 40
0.169811320754717
 40
0.169811320754717
 40
0.169811320754717
 40
0.1886792452830189
 40
0.1886792452830189
 40
0.1886792452830189
 40
0.2075471698113207
 40
0.2075471698113207
 40
0.2075471698113207
 40
0.2264150943396226
 40
0.2264150943396226
 40
0.2264150943396226
 40
0.2452830188679245
 40
0.2452830188679245
 40
0.2452830188679245
 40
0.2641509433962264
 40
0.2641509433962264
 40
0.2641509433962264
 40
0.2830188679245283
 40
0.2830188679245283
 40
0.2830188679245283
 40
0.3018867924528302
 40
0.3018867924528302
 40
0.3018867924528302
 40
0.3207547169811321
 40
0.3207547169811321
 40
0.3207547169811321
 40
0.3396226415094339
 40
0.3396226415094339
 40
0.3396226415094339
 40
0.3584905660377358
 40
0.3584905660377358
 40
0.3584905660377358
 40
0.3773584905660377
 40
0.3773584905660377
 40
0.3773584905660377
 40
0.3962264150943396
 40
0.3962264150943396
 40
0.3962264150943396
 40
0.4150943396226415
 40
0.4150943396226415
 40
0.4150943396226415
 40
0.4339622641509434
 40
0.4339622641509434
 40
0.4339622641509434
 40
0.4528301886792453
 40
0.4528301886792453
 40
0.4528301886792453
 40
0.4716981132075472
 40
0.4716981132075472
 40
0.4716981132075472
 40
0.4905660377358491
 40
0.4905660377358491
 40
0.4905660377358491
 40
0.5094339622641509
 40
0.5094339622641509
 40
0.5094339622641509
 40
0.5283018867924528
 40
0.5283018867924528
 40
0.5283018867924528
 40
0.5471698113207547
 40
0.5471698113207547
 40
0.5471698113207547
 40
0.5660377358490566
 40
0.5660377358490566
 40
0.5660377358490566
 40
0.5849056603773585
 40
0.5849056603773585
 40
0.5849056603773585
 40
0.6037735849056604
 40
0.6037735849056604
 40
0.6037735849056604
 40
0.6226415094339622
 40
0.6226415094339622
 40
0.6226415094339622
 40
0.6415094339622641
 40
0.6415094339622641
 40
0.6415094339622641
 40
0.660377358490566
 40
0.660377358490566
 40
0.660377358490566
 40
0.6792452830188679
 40
0.6792452830188679
 40
0.6792452830188679
 40
0.6981132075471698
 40
0.6981132075471698
 40
0.6981132075471698
 40
0.7169811320754716
 40
0.7169811320754716
 40
0.7169811320754716
 40
0.7358490566037735
 40
0.7358490566037735
 40
0.7358490566037735
 40
0.7547169811320754
 40
0.7547169811320754
 40
0.7547169811320754
 40
0.7735849056603773
 40
0.7735849056603773
 40
0.7735849056603773
 40
0.7924528301886792
 40
0.7924528301886792
 40
0.7924528301886792
 40
0.8113207547169811
 40
0.8113207547169811
 40
0.8113207547169811
 40
0.830188679245283
 40
0.830188679245283
 40
0.830188679245283
 40
0.8490566037735848
 40
0.8490566037735848
 40
0.8490566037735848
 40
0.8679245283018867
 40
0.8679245283018867
 40
0.8679245283018867
 40
0.8867924528301886
 40
0.8867924528301886
 40
0.8867924528301886
 40
0.9056603773584906
 40
0.9056603773584906
 40
0.9056603773584906
 40
0.9245283018867925
 40
0.9245283018867925
 40
0.9245283018867925
 40
0.9433962264150944
 40
0.9433962264150944
 40
0.9433962264150944
 40
0.9622641509433962
 40
0.9622641509433962
 40
0.9622641509433962
 40
0.9811320754716981
 40
0.9811320754716981
 40
0.9811320754716981
 40
1.0
 40
1.0
 40
1.0
 40
1.0
 10
670.3238
 20
231.7738
 30
0.0
 10
655.1122
 20
227.1311
 30
0.0
 10
639.8277
 20
223.2907
 30
0.0
 10
624.1349
 20
220.6617
 30
0.0
 10
608.46
 20
218.0357
 30
0.0
 10
592.691
 20
216.6463
 30
0.0
 10
576.831
 20
215.7773
 30
0.0
 10
576.6306
 20
215.7663
 30
0.0
 10
576.4299
 20
215.7608
 30
0.0
 10
576.2292
 20
215.7608
 30
0.0
 10
549.7215
 20
215.7608
 30
0.0
 10
523.2137
 20
215.7608
 30
0.0
 10
496.706
 20
215.7608
 30
0.0
 10
496.5053
 20
215.7608
 30
0.0
 10
496.3046
 20
215.7663
 30
0.0
 10
496.1042
 20
215.7773
 30
0.0
 10
480.2442
 20
216.6463
 30
0.0
 10
464.4752
 20
218.0356
 30
0.0
 10
448.8004
 20
220.6616
 30
0.0
 10
433.1077
 20
223.2906
 30
0.0
 10
417.8232
 20
227.131
 30
0.0
 10
402.6116
 20
231.7736
 30
0.0
 10
394.7157
 20
234.1836
 30
0.0
 10
394.0159
 20
242.2839
 30
0.0
 10
395.2412
 20
249.1936
 30
0.0
 10
399.3587
 20
272.4121
 30
0.0
 10
404.2173
 20
295.2498
 30
0.0
 10
410.172
 20
318.0706
 30
0.0
 10
414.3401
 20
334.0445
 30
0.0
 10
418.6535
 20
349.8586
 30
0.0
 10
421.9082
 20
366.0593
 30
0.0
 10
424.0719
 20
376.8295
 30
0.0
 10
425.6065
 20
387.6507
 30
0.0
 10
427.3449
 20
398.4898
 30
0.0
 10
431.5672
 20
424.8173
 30
0.0
 10
438.6613
 20
455.3662
 30
0.0
 10
449.6072
 20
479.6825
 30
0.0
 10
456.8232
 20
495.7129
 30
0.0
 10
466.9743
 20
512.2797
 30
0.0
 10
478.0994
 20
525.8912
 30
0.0
 10
492.4136
 20
543.4043
 30
0.0
 10
510.2723
 20
553.3285
 30
0.0
 10
532.9653
 20
554.8586
 30
0.0
 10
533.0511
 20
554.8644
 30
0.0
 10
533.1369
 20
554.8692
 30
0.0
 10
533.2227
 20
554.8729
 30
0.0
 10
533.2714
 20
554.8752
 30
0.0
 10
533.3193
 20
554.8774
 30
0.0
 10
533.367
 20
554.8794
 30
0.0
 10
534.7577
 20
554.945
 30
0.0
 10
538.1775
 20
554.945
 30
0.0
 10
539.5682
 20
554.8794
 30
0.0
 10
539.6159
 20
554.8774
 30
0.0
 10
539.6638
 20
554.8752
 30
0.0
 10
539.7125
 20
554.8729
 30
0.0
 10
539.7983
 20
554.8692
 30
0.0
 10
539.8841
 20
554.8644
 30
0.0
 10
539.9699
 20
554.8586
 30
0.0
 10
562.6629
 20
553.3285
 30
0.0
 10
580.5216
 20
543.4044
 30
0.0
 10
594.8358
 20
525.8912
 30
0.0
 10
605.9609
 20
512.2797
 30
0.0
 10
616.112
 20
495.7129
 30
0.0
 10
623.328
 20
479.6825
 30
0.0
 10
634.2739
 20
455.3662
 30
0.0
 10
641.368
 20
424.8173
 30
0.0
 10
645.5903
 20
398.4898
 30
0.0
 10
647.3287
 20
387.6507
 30
0.0
 10
648.8633
 20
376.8295
 30
0.0
 10
651.027
 20
366.0593
 30
0.0
 10
654.2817
 20
349.8586
 30
0.0
 10
658.5952
 20
334.0445
 30
0.0
 10
662.7632
 20
318.0706
 30
0.0
 10
666.9088
 20
302.1829
 30
0.0
 10
670.5233
 20
286.2869
 30
0.0
 10
673.726
 20
270.2602
 30
0.0
 10
673.7989
 20
269.8954
 30
0.0
 10
673.6778
 20
269.5456
 30
0.0
 10
673.3949
 20
269.3039
 30
0.0
 10
673.3949
 20
269.3039
 30
0.0
 10
672.9592
 20
268.9316
 30
0.0
 10
672.9592
 20
268.9316
 30
0.0
 10
672.9592
 20
268.9316
 30
0.0
 10
672.9591
 20
268.9315
 30
0.0
 10
672.9591
 20
268.9315
 30
0.0
 10
672.6799
 20
268.693
 30
0.0
 10
672.5585
 20
268.3498
 30
0.0
 10
672.6255
 20
267.9888
 30
0.0
 10
672.6924
 20
267.6278
 30
0.0
 10
672.9289
 20
267.351
 30
0.0
 10
673.275
 20
267.2285
 30
0.0
 10
673.275
 20
267.2285
 30
0.0
 10
673.2751
 20
267.2285
 30
0.0
 10
673.2751
 20
267.2285
 30
0.0
 10
673.2751
 20
267.2285
 30
0.0
 10
673.867
 20
267.019
 30
0.0
 10
673.867
 20
267.019
 30
0.0
 10
674.21
 20
266.8976
 30
0.0
 10
674.4451
 20
266.6252
 30
0.0
 10
674.5149
 20
266.2681
 30
0.0
 10
674.5385
 20
266.147
 30
0.0
 10
674.5622
 20
266.0257
 30
0.0
 10
674.5858
 20
265.9045
 30
0.0
 10
674.6567
 20
265.5409
 30
0.0
 10
674.5355
 20
265.1933
 30
0.0
 10
674.2538
 20
264.9527
 30
0.0
 10
674.2538
 20
264.9527
 30
0.0
 10
673.7733
 20
264.5423
 30
0.0
 10
673.7733
 20
264.5423
 30
0.0
 10
673.7733
 20
264.5423
 30
0.0
 10
673.7731
 20
264.5422
 30
0.0
 10
673.7731
 20
264.5422
 30
0.0
 10
673.4939
 20
264.3037
 30
0.0
 10
673.3725
 20
263.9606
 30
0.0
 10
673.4395
 20
263.5995
 30
0.0
 10
673.5064
 20
263.2385
 30
0.0
 10
673.7429
 20
262.9617
 30
0.0
 10
674.089
 20
262.8392
 30
0.0
 10
674.089
 20
262.8392
 30
0.0
 10
674.0893
 20
262.8391
 30
0.0
 10
674.0893
 20
262.8391
 30
0.0
 10
674.0893
 20
262.8391
 30
0.0
 10
674.7163
 20
262.6172
 30
0.0
 10
674.7163
 20
262.6172
 30
0.0
 10
675.0608
 20
262.4952
 30
0.0
 10
675.2965
 20
262.2207
 30
0.0
 10
675.3649
 20
261.8617
 30
0.0
 10
675.3857
 20
261.7522
 30
0.0
 10
675.4066
 20
261.6428
 30
0.0
 10
675.4274
 20
261.5333
 30
0.0
 10
675.4963
 20
261.171
 30
0.0
 10
675.3749
 20
260.8256
 30
0.0
 10
675.0945
 20
260.5861
 30
0.0
 10
675.0945
 20
260.5861
 30
0.0
 10
674.5875
 20
260.153
 30
0.0
 10
674.5875
 20
260.153
 30
0.0
 10
674.5875
 20
260.153
 30
0.0
 10
674.5873
 20
260.1528
 30
0.0
 10
674.5873
 20
260.1528
 30
0.0
 10
674.3082
 20
259.9143
 30
0.0
 10
674.1867
 20
259.5712
 30
0.0
 10
674.2537
 20
259.2102
 30
0.0
 10
674.3206
 20
258.8492
 30
0.0
 10
674.5571
 20
258.5724
 30
0.0
 10
674.9032
 20
258.4499
 30
0.0
 10
674.9032
 20
258.4499
 30
0.0
 10
674.9034
 20
258.4498
 30
0.0
 10
674.9034
 20
258.4498
 30
0.0
 10
674.9034
 20
258.4498
 30
0.0
 10
675.543
 20
258.2234
 30
0.0
 10
675.543
 20
258.2234
 30
0.0
 10
675.889
 20
258.1009
 30
0.0
 10
676.1254
 20
257.8243
 30
0.0
 10
676.1925
 20
257.4634
 30
0.0
 10
676.7038
 20
254.7118
 30
0.0
 10
677.2042
 20
251.9554
 30
0.0
 10
677.694
 20
249.1936
 30
0.0
 10
678.919
 20
242.284
 30
0.0
 10
678.2201
 20
234.1837
 30
0.0
 10
670.3238
 20
231.7738
 30
0.0
  0
SPLINE
  5
76
330
1F
100
AcDbEntity
  8
Camada 1
 62
     1
370
    20
100
AcDbSpline
210
0.0
220
0.0
230
1.0
 70
    11
 71
     3
 72
    41
 73
    37
 74
     0
 42
0.0000000001
 43
0.0000000001
 40
0.0
 40
0.0
 40
0.0
 40
0.0
 40
0.0833333333333333
 40
0.0833333333333333
 40
0.0833333333333333
 40
0.1666666666666667
 40
0.1666666666666667
 40
0.1666666666666667
 40
0.25
 40
0.25
 40
0.25
 40
0.3333333333333333
 40
0.3333333333333333
 40
0.3333333333333333
 40
0.4166666666666666
 40
0.4166666666666666
 40
0.4166666666666666
 40
0.5
 40
0.5
 40
0.5
 40
0.5833333333333333
 40
0.5833333333333333
 40
0.5833333333333333
 40
0.6666666666666666
 40
0.6666666666666666
 40
0.6666666666666666
 40
0.75
 40
0.75
 40
0.75
 40
0.8333333333333333
 40
0.8333333333333333
 40
0.8333333333333333
 40
0.9166666666666666
 40
0.9166666666666666
 40
0.9166666666666666
 40
1.0
 40
1.0
 40
1.0
 40
1.0
 10
609.9393
 20
449.0137
 30
0.0
 10
609.9393
 20
449.0137
 30
0.0
 10
607.4375
 20
403.9307
 30
0.0
 10
607.4375
 20
403.9307
 30
0.0
 10
607.4166
 20
403.5532
 30
0.0
 10
607.2049
 20
403.2401
 30
0.0
 10
606.8624
 20
403.0801
 30
0.0
 10
606.5199
 20
402.9201
 30
0.0
 10
606.144
 20
402.9585
 30
0.0
 10
605.841
 20
403.1846
 30
0.0
 10
605.841
 20
403.1846
 30
0.0
 10
597.664
 20
409.2859
 30
0.0
 10
597.664
 20
409.2859
 30
0.0
 10
597.4333
 20
409.458
 30
0.0
 10
597.2993
 20
409.6925
 30
0.0
 10
597.268
 20
409.9786
 30
0.0
 10
597.268
 20
409.9786
 30
0.0
 10
594.0491
 20
439.3945
 30
0.0
 10
594.0491
 20
439.3945
 30
0.0
 10
594.0397
 20
439.4807
 30
0.0
 10
594.0225
 20
439.5532
 30
0.0
 10
593.9923
 20
439.6345
 30
0.0
 10
586.7987
 20
458.9532
 30
0.0
 10
573.6449
 20
484.1311
 30
0.0
 10
565.2794
 20
504.6021
 30
0.0
 10
565.0888
 20
505.0689
 30
0.0
 10
565.2704
 20
505.5969
 30
0.0
 10
565.7079
 20
505.8477
 30
0.0
 10
566.1455
 20
506.0987
 30
0.0
 10
566.6934
 20
505.9883
 30
0.0
 10
566.9998
 20
505.5875
 30
0.0
 10
566.9998
 20
505.5875
 30
0.0
 10
609.7354
 20
449.6763
 30
0.0
 10
609.7354
 20
449.6763
 30
0.0
 10
609.8861
 20
449.4791
 30
0.0
 10
609.953
 20
449.2616
 30
0.0
 10
609.9393
 20
449.0137
 30
0.0
  0
SPLINE
  5
77
330
1F
100
AcDbEntity
  8
Camada 1
 62
     1
370
    20
100
AcDbSpline
210
0.0
220
0.0
230
1.0
 70
    11
 71
     3
 72
    38
 73
    34
 74
     0
 42
0.0000000001
 43
0.0000000001
 40
0.0
 40
0.0
 40
0.0
 40
0.0
 40
0.0909090909090909
 40
0.0909090909090909
 40
0.0909090909090909
 40
0.1818181818181818
 40
0.1818181818181818
 40
0.1818181818181818
 40
0.2727272727272727
 40
0.2727272727272727
 40
0.2727272727272727
 40
0.3636363636363636
 40
0.3636363636363636
 40
0.3636363636363636
 40
0.4545454545454546
 40
0.4545454545454546
 40
0.4545454545454546
 40
0.5454545454545454
 40
0.5454545454545454
 40
0.5454545454545454
 40
0.6363636363636364
 40
0.6363636363636364
 40
0.6363636363636364
 40
0.7272727272727273
 40
0.7272727272727273
 40
0.7272727272727273
 40
0.8181818181818182
 40
0.8181818181818182
 40
0.8181818181818182
 40
0.9090909090909092
 40
0.9090909090909092
 40
0.9090909090909092
 40
1.0
 40
1.0
 40
1.0
 40
1.0
 10
606.0077
 20
378.1642
 30
0.0
 10
606.0077
 20
378.1642
 30
0.0
 10
605.3739
 20
366.7439
 30
0.0
 10
605.3739
 20
366.7439
 30
0.0
 10
605.3526
 20
366.3603
 30
0.0
 10
605.1337
 20
366.0427
 30
0.0
 10
604.7829
 20
365.8861
 30
0.0
 10
604.4321
 20
365.7296
 30
0.0
 10
604.0495
 20
365.7789
 30
0.0
 10
603.7498
 20
366.0192
 30
0.0
 10
603.7498
 20
366.0192
 30
0.0
 10
602.2411
 20
367.2291
 30
0.0
 10
602.2411
 20
367.2291
 30
0.0
 10
602.0261
 20
367.4015
 30
0.0
 10
601.9026
 20
367.6265
 30
0.0
 10
601.8726
 20
367.9004
 30
0.0
 10
601.8726
 20
367.9004
 30
0.0
 10
600.784
 20
377.8487
 30
0.0
 10
600.784
 20
377.8487
 30
0.0
 10
600.7535
 20
378.1273
 30
0.0
 10
600.8286
 20
378.3783
 30
0.0
 10
601.0071
 20
378.5944
 30
0.0
 10
601.1856
 20
378.8104
 30
0.0
 10
601.4178
 20
378.9315
 30
0.0
 10
601.6972
 20
378.9542
 30
0.0
 10
601.6972
 20
378.9542
 30
0.0
 10
604.9284
 20
379.2163
 30
0.0
 10
604.9284
 20
379.2163
 30
0.0
 10
605.2267
 20
379.2405
 30
0.0
 10
605.4929
 20
379.1445
 30
0.0
 10
605.7073
 20
378.9356
 30
0.0
 10
605.9216
 20
378.7267
 30
0.0
 10
606.0243
 20
378.463
 30
0.0
 10
606.0077
 20
378.1642
 30
0.0
  0
SPLINE
  5
78
330
1F
100
AcDbEntity
  8
Camada 1
 62
     1
370
    20
100
AcDbSpline
210
0.0
220
0.0
230
1.0
 70
    11
 71
     3
 72
    41
 73
    37
 74
     0
 42
0.0000000001
 43
0.0000000001
 40
0.0
 40
0.0
 40
0.0
 40
0.0
 40
0.0833333333333333
 40
0.0833333333333333
 40
0.0833333333333333
 40
0.1666666666666667
 40
0.1666666666666667
 40
0.1666666666666667
 40
0.25
 40
0.25
 40
0.25
 40
0.3333333333333333
 40
0.3333333333333333
 40
0.3333333333333333
 40
0.4166666666666666
 40
0.4166666666666666
 40
0.4166666666666666
 40
0.5
 40
0.5
 40
0.5
 40
0.5833333333333333
 40
0.5833333333333333
 40
0.5833333333333333
 40
0.6666666666666666
 40
0.6666666666666666
 40
0.6666666666666666
 40
0.75
 40
0.75
 40
0.75
 40
0.8333333333333333
 40
0.8333333333333333
 40
0.8333333333333333
 40
0.9166666666666666
 40
0.9166666666666666
 40
0.9166666666666666
 40
1.0
 40
1.0
 40
1.0
 40
1.0
 10
475.4055
 20
407.6305
 30
0.0
 10
475.4055
 20
407.6305
 30
0.0
 10
466.5682
 20
400.7779
 30
0.0
 10
466.5682
 20
400.7779
 30
0.0
 10
466.2649
 20
400.5427
 30
0.0
 10
465.8821
 20
400.4995
 30
0.0
 10
465.5341
 20
400.6612
 30
0.0
 10
465.186
 20
400.8229
 30
0.0
 10
464.9722
 20
401.1433
 30
0.0
 10
464.9563
 20
401.5268
 30
0.0
 10
464.9563
 20
401.5268
 30
0.0
 10
462.9884
 20
449.0215
 30
0.0
 10
462.9884
 20
449.0215
 30
0.0
 10
462.9783
 20
449.2646
 30
0.0
 10
463.0452
 20
449.4768
 30
0.0
 10
463.193
 20
449.6701
 30
0.0
 10
463.193
 20
449.6701
 30
0.0
 10
505.9279
 20
505.5804
 30
0.0
 10
505.9279
 20
505.5804
 30
0.0
 10
506.2343
 20
505.9813
 30
0.0
 10
506.7824
 20
506.0916
 30
0.0
 10
507.2201
 20
505.8405
 30
0.0
 10
507.6577
 20
505.5894
 30
0.0
 10
507.8391
 20
505.0606
 30
0.0
 10
507.6477
 20
504.5938
 30
0.0
 10
499.5077
 20
484.7375
 30
0.0
 10
487.5142
 20
462.5523
 30
0.0
 10
480.3389
 20
443.279
 30
0.0
 10
480.3111
 20
443.2042
 30
0.0
 10
480.2947
 20
443.1377
 30
0.0
 10
480.2845
 20
443.0586
 30
0.0
 10
480.2845
 20
443.0586
 30
0.0
 10
475.7845
 20
408.2924
 30
0.0
 10
475.7845
 20
408.2924
 30
0.0
 10
475.7493
 20
408.0203
 30
0.0
 10
475.6223
 20
407.7986
 30
0.0
 10
475.4055
 20
407.6305
 30
0.0
  0
SPLINE
  5
79
330
1F
100
AcDbEntity
  8
Camada 1
 62
     1
370
    20
100
AcDbSpline
210
0.0
220
0.0
230
1.0
 70
    11
 71
     3
 72
    35
 73
    31
 74
     0
 42
0.0000000001
 43
0.0000000001
 40
0.0
 40
0.0
 40
0.0
 40
0.0
 40
0.1
 40
0.1
 40
0.1
 40
0.2
 40
0.2
 40
0.2
 40
0.3
 40
0.3
 40
0.3
 40
0.4
 40
0.4
 40
0.4
 40
0.5
 40
0.5
 40
0.5
 40
0.6000000000000001
 40
0.6000000000000001
 40
0.6000000000000001
 40
0.7000000000000001
 40
0.7000000000000001
 40
0.7000000000000001
 40
0.8
 40
0.8
 40
0.8
 40
0.9
 40
0.9
 40
0.9
 40
1.0
 40
1.0
 40
1.0
 40
1.0
 10
466.2109
 20
381.4025
 30
0.0
 10
466.2109
 20
381.4025
 30
0.0
 10
471.0681
 20
385.1687
 30
0.0
 10
471.0681
 20
385.1687
 30
0.0
 10
471.3949
 20
385.4221
 30
0.0
 10
471.8188
 20
385.4518
 30
0.0
 10
472.1778
 20
385.2463
 30
0.0
 10
472.5367
 20
385.0408
 30
0.0
 10
472.7257
 20
384.6603
 30
0.0
 10
472.6726
 20
384.2501
 30
0.0
 10
472.6726
 20
384.2501
 30
0.0
 10
472.3576
 20
381.8163
 30
0.0
 10
472.3576
 20
381.8163
 30
0.0
 10
472.3434
 20
381.7066
 30
0.0
 10
472.3164
 20
381.6147
 30
0.0
 10
472.2688
 20
381.5148
 30
0.0
 10
472.2688
 20
381.5148
 30
0.0
 10
468.0396
 20
372.6301
 30
0.0
 10
468.0396
 20
372.6301
 30
0.0
 10
467.8395
 20
372.2097
 30
0.0
 10
467.3929
 20
371.987
 30
0.0
 10
466.9367
 20
372.0801
 30
0.0
 10
466.4804
 20
372.1732
 30
0.0
 10
466.1568
 20
372.5532
 30
0.0
 10
466.1375
 20
373.0185
 30
0.0
 10
466.1375
 20
373.0185
 30
0.0
 10
465.8246
 20
380.5708
 30
0.0
 10
465.8246
 20
380.5708
 30
0.0
 10
465.8108
 20
380.9045
 30
0.0
 10
465.9469
 20
381.1978
 30
0.0
 10
466.2109
 20
381.4025
 30
0.0
  0
SPLINE
  5
7A
330
1F
100
AcDbEntity
  8
Camada 1
 62
     1
370
    20
100
AcDbSpline
210
0.0
220
0.0
230
1.0
 70
    11
 71
     3
 72
    77
 73
    73
 74
     0
 42
0.0000000001
 43
0.0000000001
 40
0.0
 40
0.0
 40
0.0
 40
0.0
 40
0.0416666666666667
 40
0.0416666666666667
 40
0.0416666666666667
 40
0.0833333333333333
 40
0.0833333333333333
 40
0.0833333333333333
 40
0.125
 40
0.125
 40
0.125
 40
0.1666666666666667
 40
0.1666666666666667
 40
0.1666666666666667
 40
0.2083333333333333
 40
0.2083333333333333
 40
0.2083333333333333
 40
0.25
 40
0.25
 40
0.25
 40
0.2916666666666666
 40
0.2916666666666666
 40
0.2916666666666666
 40
0.3333333333333333
 40
0.3333333333333333
 40
0.3333333333333333
 40
0.375
 40
0.375
 40
0.375
 40
0.4166666666666666
 40
0.4166666666666666
 40
0.4166666666666666
 40
0.4583333333333333
 40
0.4583333333333333
 40
0.4583333333333333
 40
0.5
 40
0.5
 40
0.5
 40
0.5416666666666666
 40
0.5416666666666666
 40
0.5416666666666666
 40
0.5833333333333333
 40
0.5833333333333333
 40
0.5833333333333333
 40
0.625
 40
0.625
 40
0.625
 40
0.6666666666666666
 40
0.6666666666666666
 40
0.6666666666666666
 40
0.7083333333333333
 40
0.7083333333333333
 40
0.7083333333333333
 40
0.75
 40
0.75
 40
0.75
 40
0.7916666666666666
 40
0.7916666666666666
 40
0.7916666666666666
 40
0.8333333333333333
 40
0.8333333333333333
 40
0.8333333333333333
 40
0.875
 40
0.875
 40
0.875
 40
0.9166666666666666
 40
0.9166666666666666
 40
0.9166666666666666
 40
0.9583333333333333
 40
0.9583333333333333
 40
0.9583333333333333
 40
1.0
 40
1.0
 40
1.0
 40
1.0
 10
578.4009
 20
448.7541
 30
0.0
 10
572.2831
 20
457.518
 30
0.0
 10
537.2876
 20
507.649
 30
0.0
 10
537.2876
 20
507.649
 30
0.0
 10
537.0946
 20
507.9254
 30
0.0
 10
536.8047
 20
508.0766
 30
0.0
 10
536.4676
 20
508.0766
 30
0.0
 10
536.1305
 20
508.0766
 30
0.0
 10
535.8406
 20
507.9254
 30
0.0
 10
535.6476
 20
507.649
 30
0.0
 10
535.6476
 20
507.649
 30
0.0
 10
500.645
 20
457.5074
 30
0.0
 10
494.5154
 20
448.7267
 30
0.0
 10
494.3135
 20
448.4363
 30
0.0
 10
494.2777
 20
448.0909
 30
0.0
 10
494.4159
 20
447.7652
 30
0.0
 10
494.554
 20
447.4396
 30
0.0
 10
494.8272
 20
447.2253
 30
0.0
 10
495.1764
 20
447.1687
 30
0.0
 10
496.8949
 20
446.8903
 30
0.0
 10
499.4248
 20
446.4788
 30
0.0
 10
500.7681
 20
446.2618
 30
0.0
 10
501.1891
 20
446.1938
 30
0.0
 10
501.5881
 20
446.3856
 30
0.0
 10
501.798
 20
446.7568
 30
0.0
 10
502.0486
 20
447.1999
 30
0.0
 10
502.3292
 20
447.6465
 30
0.0
 10
502.6209
 20
448.0268
 30
0.0
 10
505.3624
 20
451.6012
 30
0.0
 10
508.1265
 20
455.1605
 30
0.0
 10
510.8784
 20
458.7271
 30
0.0
 10
513.3551
 20
461.9369
 30
0.0
 10
517.6123
 20
461.666
 30
0.0
 10
520.0093
 20
459.2346
 30
0.0
 10
520.3338
 20
458.9055
 30
0.0
 10
520.8234
 20
458.8397
 30
0.0
 10
521.2232
 20
459.0716
 30
0.0
 10
522.24
 20
459.6613
 30
0.0
 10
523.3052
 20
460.1739
 30
0.0
 10
524.418
 20
460.6059
 30
0.0
 10
531.5471
 20
463.3738
 30
0.0
 10
541.3883
 20
463.3738
 30
0.0
 10
548.5173
 20
460.6058
 30
0.0
 10
549.6207
 20
460.1774
 30
0.0
 10
550.6773
 20
459.6699
 30
0.0
 10
551.6863
 20
459.0865
 30
0.0
 10
552.0893
 20
458.8535
 30
0.0
 10
552.5833
 20
458.9229
 30
0.0
 10
552.9065
 20
459.2579
 30
0.0
 10
553.5623
 20
459.9375
 30
0.0
 10
554.3853
 20
460.4579
 30
0.0
 10
555.3491
 20
460.7843
 30
0.0
 10
557.8034
 20
461.6154
 30
0.0
 10
560.4796
 20
460.7714
 30
0.0
 10
562.057
 20
458.7272
 30
0.0
 10
564.8071
 20
455.163
 30
0.0
 10
567.5585
 20
451.5998
 30
0.0
 10
570.3081
 20
448.0351
 30
0.0
 10
570.6018
 20
447.6539
 30
0.0
 10
570.8845
 20
447.2043
 30
0.0
 10
571.1365
 20
446.7588
 30
0.0
 10
571.3471
 20
446.3865
 30
0.0
 10
571.748
 20
446.1948
 30
0.0
 10
572.17
 20
446.2645
 30
0.0
 10
573.5122
 20
446.4865
 30
0.0
 10
576.0329
 20
446.9111
 30
0.0
 10
577.7446
 20
447.1967
 30
0.0
 10
578.0927
 20
447.2548
 30
0.0
 10
578.3644
 20
447.4695
 30
0.0
 10
578.5014
 20
447.7947
 30
0.0
 10
578.6385
 20
448.12
 30
0.0
 10
578.6024
 20
448.4643
 30
0.0
 10
578.4009
 20
448.7541
 30
0.0
  0
SPLINE
  5
7B
330
1F
100
AcDbEntity
  8
Camada 1
 62
     1
370
    20
100
AcDbSpline
210
0.0
220
0.0
230
1.0
 70
    11
 71
     3
 72
    29
 73
    25
 74
     0
 42
0.0000000001
 43
0.0000000001
 40
0.0
 40
0.0
 40
0.0
 40
0.0
 40
0.125
 40
0.125
 40
0.125
 40
0.25
 40
0.25
 40
0.25
 40
0.375
 40
0.375
 40
0.375
 40
0.5
 40
0.5
 40
0.5
 40
0.625
 40
0.625
 40
0.625
 40
0.75
 40
0.75
 40
0.75
 40
0.875
 40
0.875
 40
0.875
 40
1.0
 40
1.0
 40
1.0
 40
1.0
 10
496.471
 20
429.6768
 30
0.0
 10
496.471
 20
429.6768
 30
0.0
 10
486.7626
 20
422.4329
 30
0.0
 10
486.7626
 20
422.4329
 30
0.0
 10
486.4341
 20
422.1878
 30
0.0
 10
486.0149
 20
422.1641
 30
0.0
 10
485.6608
 20
422.3706
 30
0.0
 10
485.3066
 20
422.5771
 30
0.0
 10
485.1209
 20
422.9537
 30
0.0
 10
485.1725
 20
423.3604
 30
0.0
 10
485.1725
 20
423.3604
 30
0.0
 10
486.5026
 20
433.8355
 30
0.0
 10
486.5026
 20
433.8355
 30
0.0
 10
486.538
 20
434.1143
 30
0.0
 10
486.6701
 20
434.3412
 30
0.0
 10
486.895
 20
434.5098
 30
0.0
 10
487.1198
 20
434.6783
 30
0.0
 10
487.3748
 20
434.7413
 30
0.0
 10
487.6523
 20
434.697
 30
0.0
 10
487.6523
 20
434.697
 30
0.0
 10
495.5569
 20
433.4351
 30
0.0
 10
495.5569
 20
433.4351
 30
0.0
 10
497.3865
 20
433.1431
 30
0.0
 10
497.9521
 20
430.7817
 30
0.0
 10
496.471
 20
429.6768
 30
0.0
  0
SPLINE
  5
7C
330
1F
100
AcDbEntity
  8
Camada 1
 62
     1
370
    20
100
AcDbSpline
210
0.0
220
0.0
230
1.0
 70
    11
 71
     3
 72
    23
 73
    19
 74
     0
 42
0.0000000001
 43
0.0000000001
 40
0.0
 40
0.0
 40
0.0
 40
0.0
 40
0.1666666666666667
 40
0.1666666666666667
 40
0.1666666666666667
 40
0.3333333333333333
 40
0.3333333333333333
 40
0.3333333333333333
 40
0.5
 40
0.5
 40
0.5
 40
0.6666666666666666
 40
0.6666666666666666
 40
0.6666666666666666
 40
0.8333333333333333
 40
0.8333333333333333
 40
0.8333333333333333
 40
1.0
 40
1.0
 40
1.0
 40
1.0
 10
581.1829
 20
398.0808
 30
0.0
 10
581.9529
 20
397.5063
 30
0.0
 10
581.6075
 20
396.2701
 30
0.0
 10
580.6465
 20
396.192
 30
0.0
 10
580.6465
 20
396.192
 30
0.0
 10
573.4228
 20
395.6059
 30
0.0
 10
573.4228
 20
395.6059
 30
0.0
 10
572.7835
 20
395.554
 30
0.0
 10
572.2592
 20
396.0798
 30
0.0
 10
572.2994
 20
396.7183
 30
0.0
 10
572.2994
 20
396.7183
 30
0.0
 10
572.6596
 20
402.4254
 30
0.0
 10
572.6596
 20
402.4254
 30
0.0
 10
572.7119
 20
403.2528
 30
0.0
 10
573.652
 20
403.6997
 30
0.0
 10
574.3192
 20
403.2019
 30
0.0
 10
574.3192
 20
403.2019
 30
0.0
 10
581.1829
 20
398.0808
 30
0.0
 10
581.1829
 20
398.0808
 30
0.0
  0
SPLINE
  5
7D
330
1F
100
AcDbEntity
  8
Camada 1
 62
     1
370
    20
100
AcDbSpline
210
0.0
220
0.0
230
1.0
 70
    11
 71
     3
 72
    29
 73
    25
 74
     0
 42
0.0000000001
 43
0.0000000001
 40
0.0
 40
0.0
 40
0.0
 40
0.0
 40
0.125
 40
0.125
 40
0.125
 40
0.25
 40
0.25
 40
0.25
 40
0.375
 40
0.375
 40
0.375
 40
0.5
 40
0.5
 40
0.5
 40
0.625
 40
0.625
 40
0.625
 40
0.75
 40
0.75
 40
0.75
 40
0.875
 40
0.875
 40
0.875
 40
1.0
 40
1.0
 40
1.0
 40
1.0
 10
586.4326
 20
433.8361
 30
0.0
 10
586.4326
 20
433.8361
 30
0.0
 10
587.7632
 20
423.3572
 30
0.0
 10
587.7632
 20
423.3572
 30
0.0
 10
587.8148
 20
422.9505
 30
0.0
 10
587.6291
 20
422.574
 30
0.0
 10
587.275
 20
422.3674
 30
0.0
 10
586.9209
 20
422.1609
 30
0.0
 10
586.5016
 20
422.1846
 30
0.0
 10
586.1731
 20
422.4298
 30
0.0
 10
586.1731
 20
422.4298
 30
0.0
 10
576.4606
 20
429.6768
 30
0.0
 10
576.4606
 20
429.6768
 30
0.0
 10
574.9795
 20
430.7817
 30
0.0
 10
575.5448
 20
433.143
 30
0.0
 10
577.3746
 20
433.4351
 30
0.0
 10
577.3746
 20
433.4351
 30
0.0
 10
585.2829
 20
434.6976
 30
0.0
 10
585.2829
 20
434.6976
 30
0.0
 10
585.5604
 20
434.7419
 30
0.0
 10
585.8154
 20
434.6789
 30
0.0
 10
586.0402
 20
434.5104
 30
0.0
 10
586.2651
 20
434.3418
 30
0.0
 10
586.3972
 20
434.1149
 30
0.0
 10
586.4326
 20
433.8361
 30
0.0
  0
SPLINE
  5
7E
330
1F
100
AcDbEntity
  8
Camada 1
 62
     1
370
    20
100
AcDbSpline
210
0.0
220
0.0
230
1.0
 70
    11
 71
     3
 72
    29
 73
    25
 74
     0
 42
0.0000000001
 43
0.0000000001
 40
0.0
 40
0.0
 40
0.0
 40
0.0
 40
0.125
 40
0.125
 40
0.125
 40
0.25
 40
0.25
 40
0.25
 40
0.375
 40
0.375
 40
0.375
 40
0.5
 40
0.5
 40
0.5
 40
0.625
 40
0.625
 40
0.625
 40
0.75
 40
0.75
 40
0.75
 40
0.875
 40
0.875
 40
0.875
 40
1.0
 40
1.0
 40
1.0
 40
1.0
 10
563.1925
 20
498.3353
 30
0.0
 10
563.1925
 20
498.3353
 30
0.0
 10
570.3515
 20
474.4083
 30
0.0
 10
570.3515
 20
474.4083
 30
0.0
 10
570.4937
 20
473.9329
 30
0.0
 10
570.2727
 20
473.4337
 30
0.0
 10
569.825
 20
473.2196
 30
0.0
 10
569.3775
 20
473.0055
 30
0.0
 10
568.8504
 20
473.1464
 30
0.0
 10
568.5694
 20
473.5552
 30
0.0
 10
568.5694
 20
473.5552
 30
0.0
 10
544.6085
 20
508.4101
 30
0.0
 10
544.6085
 20
508.4101
 30
0.0
 10
544.347
 20
508.7904
 30
0.0
 10
544.3746
 20
509.2826
 30
0.0
 10
544.6768
 20
509.6314
 30
0.0
 10
544.9791
 20
509.9803
 30
0.0
 10
545.4624
 20
510.0776
 30
0.0
 10
545.8761
 20
509.8729
 30
0.0
 10
552.4295
 20
506.6313
 30
0.0
 10
556.6309
 20
503.9522
 30
0.0
 10
562.8696
 20
498.8211
 30
0.0
 10
563.0299
 20
498.6893
 30
0.0
 10
563.133
 20
498.5341
 30
0.0
 10
563.1925
 20
498.3353
 30
0.0
  0
SPLINE
  5
7F
330
1F
100
AcDbEntity
  8
Camada 1
 62
     1
370
    20
100
AcDbSpline
210
0.0
220
0.0
230
1.0
 70
    11
 71
     3
 72
    29
 73
    25
 74
     0
 42
0.0000000001
 43
0.0000000001
 40
0.0
 40
0.0
 40
0.0
 40
0.0
 40
0.125
 40
0.125
 40
0.125
 40
0.25
 40
0.25
 40
0.25
 40
0.375
 40
0.375
 40
0.375
 40
0.5
 40
0.5
 40
0.5
 40
0.625
 40
0.625
 40
0.625
 40
0.75
 40
0.75
 40
0.75
 40
0.875
 40
0.875
 40
0.875
 40
1.0
 40
1.0
 40
1.0
 40
1.0
 10
528.3247
 20
508.4101
 30
0.0
 10
528.3247
 20
508.4101
 30
0.0
 10
504.3637
 20
473.5552
 30
0.0
 10
504.3637
 20
473.5552
 30
0.0
 10
504.0826
 20
473.1463
 30
0.0
 10
503.5552
 20
473.0055
 30
0.0
 10
503.1077
 20
473.2198
 30
0.0
 10
502.6603
 20
473.4341
 30
0.0
 10
502.4394
 20
473.933
 30
0.0
 10
502.5816
 20
474.4083
 30
0.0
 10
502.5816
 20
474.4083
 30
0.0
 10
509.7406
 20
498.3353
 30
0.0
 10
509.7406
 20
498.3353
 30
0.0
 10
509.8001
 20
498.5342
 30
0.0
 10
509.9033
 20
498.6893
 30
0.0
 10
510.0636
 20
498.8211
 30
0.0
 10
516.3024
 20
503.9522
 30
0.0
 10
520.5037
 20
506.6313
 30
0.0
 10
527.0572
 20
509.873
 30
0.0
 10
527.4709
 20
510.0776
 30
0.0
 10
527.9542
 20
509.9803
 30
0.0
 10
528.2564
 20
509.6314
 30
0.0
 10
528.5586
 20
509.2826
 30
0.0
 10
528.5861
 20
508.7904
 30
0.0
 10
528.3247
 20
508.4101
 30
0.0
  0
SPLINE
  5
80
330
1F
100
AcDbEntity
  8
Camada 1
 62
     3
370
    20
100
AcDbSpline
210
0.0
220
0.0
230
1.0
 70
    11
 71
     3
 72
    11
 73
     7
 74
     0
 42
0.0000000001
 43
0.0000000001
 40
0.0
 40
0.0
 40
0.0
 40
0.0
 40
0.5
 40
0.5
 40
0.5
 40
1.0
 40
1.0
 40
1.0
 40
1.0
 10
629.3902
 20
408.0834
 30
0.0
 10
628.0187
 20
408.0834
 30
0.0
 10
628.0186
 20
405.9851
 30
0.0
 10
629.3902
 20
405.9851
 30
0.0
 10
630.7619
 20
405.9851
 30
0.0
 10
630.7618
 20
408.0834
 30
0.0
 10
629.3902
 20
408.0834
 30
0.0
  0
SPLINE
  5
81
330
1F
100
AcDbEntity
  8
Camada 1
 62
     3
370
    20
100
AcDbSpline
210
0.0
220
0.0
230
1.0
 70
    11
 71
     3
 72
    11
 73
     7
 74
     0
 42
0.0000000001
 43
0.0000000001
 40
0.0
 40
0.0
 40
0.0
 40
0.0
 40
0.5
 40
0.5
 40
0.5
 40
1.0
 40
1.0
 40
1.0
 40
1.0
 10
443.5454
 20
408.0834
 30
0.0
 10
444.9168
 20
408.0834
 30
0.0
 10
444.9169
 20
405.9851
 30
0.0
 10
443.5454
 20
405.9851
 30
0.0
 10
442.1739
 20
405.9851
 30
0.0
 10
442.174
 20
408.0834
 30
0.0
 10
443.5454
 20
408.0834
 30
0.0
  0
SPLINE
  5
82
330
1F
100
AcDbEntity
  8
Camada 1
 62
     3
370
    20
100
AcDbSpline
210
0.0
220
0.0
230
1.0
 70
    11
 71
     3
 72
    11
 73
     7
 74
     0
 42
0.0000000001
 43
0.0000000001
 40
0.0
 40
0.0
 40
0.0
 40
0.0
 40
0.5
 40
0.5
 40
0.5
 40
1.0
 40
1.0
 40
1.0
 40
1.0
 10
536.4674
 20
425.8047
 30
0.0
 10
537.8388
 20
425.8047
 30
0.0
 10
537.8388
 20
423.7055
 30
0.0
 10
536.4674
 20
423.7055
 30
0.0
 10
535.096
 20
423.7055
 30
0.0
 10
535.096
 20
425.8047
 30
0.0
 10
536.4674
 20
425.8047
 30
0.0
  0
SPLINE
  5
83
330
1F
100
AcDbEntity
  8
Camada 1
 62
     3
370
    20
100
AcDbSpline
210
0.0
220
0.0
230
1.0
 70
    11
 71
     3
 72
    11
 73
     7
 74
     0
 42
0.0000000001
 43
0.0000000001
 40
0.0
 40
0.0
 40
0.0
 40
0.0
 40
0.5
 40
0.5
 40
0.5
 40
1.0
 40
1.0
 40
1.0
 40
1.0
 10
536.4674
 20
329.6491
 30
0.0
 10
537.8389
 20
329.6491
 30
0.0
 10
537.8388
 20
327.5498
 30
0.0
 10
536.4674
 20
327.5498
 30
0.0
 10
535.096
 20
327.5498
 30
0.0
 10
535.0959
 20
329.6491
 30
0.0
 10
536.4674
 20
329.6491
 30
0.0
  0
SPLINE
  5
84
330
1F
100
AcDbEntity
  8
Camada 1
 62
     3
370
    20
100
AcDbSpline
210
0.0
220
0.0
230
1.0
 70
    11
 71
     3
 72
    11
 73
     7
 74
     0
 42
0.0000000001
 43
0.0000000001
 40
0.0
 40
0.0
 40
0.0
 40
0.0
 40
0.5
 40
0.5
 40
0.5
 40
1.0
 40
1.0
 40
1.0
 40
1.0
 10
489.0398
 20
287.8608
 30
0.0
 10
490.4113
 20
287.8608
 30
0.0
 10
490.4113
 20
285.7616
 30
0.0
 10
489.0398
 20
285.7616
 30
0.0
 10
487.6684
 20
285.7616
 30
0.0
 10
487.6684
 20
287.8608
 30
0.0
 10
489.0398
 20
287.8608
 30
0.0
  0
SPLINE
  5
85
330
1F
100
AcDbEntity
  8
Camada 1
 62
     3
370
    20
100
AcDbSpline
210
0.0
220
0.0
230
1.0
 70
    11
 71
     3
 72
    11
 73
     7
 74
     0
 42
0.0000000001
 43
0.0000000001
 40
0.0
 40
0.0
 40
0.0
 40
0.0
 40
0.5
 40
0.5
 40
0.5
 40
1.0
 40
1.0
 40
1.0
 40
1.0
 10
584.9371
 20
286.8112
 30
0.0
 10
584.9371
 20
285.4291
 30
0.0
 10
582.8537
 20
285.4291
 30
0.0
 10
582.8537
 20
286.8112
 30
0.0
 10
582.8537
 20
288.1933
 30
0.0
 10
584.9371
 20
288.1933
 30
0.0
 10
584.9371
 20
286.8112
 30
0.0
  0
SPLINE
  5
86
330
1F
100
AcDbEntity
  8
Camada 1
 62
     3
370
    20
100
AcDbSpline
210
0.0
220
0.0
230
1.0
 70
    11
 71
     3
 72
    11
 73
     7
 74
     0
 42
0.0000000001
 43
0.0000000001
 40
0.0
 40
0.0
 40
0.0
 40
0.0
 40
0.5
 40
0.5
 40
0.5
 40
1.0
 40
1.0
 40
1.0
 40
1.0
 10
411.9902
 20
261.1579
 30
0.0
 10
413.3618
 20
261.1579
 30
0.0
 10
413.3618
 20
259.0587
 30
0.0
 10
411.9902
 20
259.0587
 30
0.0
 10
410.6188
 20
259.0587
 30
0.0
 10
410.6188
 20
261.1579
 30
0.0
 10
411.9902
 20
261.1579
 30
0.0
  0
SPLINE
  5
87
330
1F
100
AcDbEntity
  8
Camada 1
 62
     3
370
    20
100
AcDbSpline
210
0.0
220
0.0
230
1.0
 70
    11
 71
     3
 72
    11
 73
     7
 74
     0
 42
0.0000000001
 43
0.0000000001
 40
0.0
 40
0.0
 40
0.0
 40
0.0
 40
0.5
 40
0.5
 40
0.5
 40
1.0
 40
1.0
 40
1.0
 40
1.0
 10
659.9032
 20
260.1083
 30
0.0
 10
659.9032
 20
261.4904
 30
0.0
 10
661.9867
 20
261.4904
 30
0.0
 10
661.9867
 20
260.1083
 30
0.0
 10
661.9867
 20
258.7262
 30
0.0
 10
659.9032
 20
258.7262
 30
0.0
 10
659.9032
 20
260.1083
 30
0.0
  0
SPLINE
  5
88
330
1F
100
AcDbEntity
  8
Camada 1
 62
     3
370
    20
100
AcDbSpline
210
0.0
220
0.0
230
1.0
 70
    11
 71
     3
 72
    11
 73
     7
 74
     0
 42
0.0000000001
 43
0.0000000001
 40
0.0
 40
0.0
 40
0.0
 40
0.0
 40
0.5
 40
0.5
 40
0.5
 40
1.0
 40
1.0
 40
1.0
 40
1.0
 10
459.1094
 20
466.3602
 30
0.0
 10
460.4808
 20
466.3602
 30
0.0
 10
460.4808
 20
464.261
 30
0.0
 10
459.1094
 20
464.261
 30
0.0
 10
457.7379
 20
464.261
 30
0.0
 10
457.7379
 20
466.3602
 30
0.0
 10
459.1094
 20
466.3602
 30
0.0
  0
SPLINE
  5
89
330
1F
100
AcDbEntity
  8
Camada 1
 62
     3
370
    20
100
AcDbSpline
210
0.0
220
0.0
230
1.0
 70
    11
 71
     3
 72
    11
 73
     7
 74
     0
 42
0.0000000001
 43
0.0000000001
 40
0.0
 40
0.0
 40
0.0
 40
0.0
 40
0.5
 40
0.5
 40
0.5
 40
1.0
 40
1.0
 40
1.0
 40
1.0
 10
613.8258
 20
464.261
 30
0.0
 10
612.4542
 20
464.261
 30
0.0
 10
612.4542
 20
466.3602
 30
0.0
 10
613.8258
 20
466.3602
 30
0.0
 10
615.1976
 20
466.3602
 30
0.0
 10
615.1976
 20
464.261
 30
0.0
 10
613.8258
 20
464.261
 30
0.0
  0
SPLINE
  5
8A
330
1F
100
AcDbEntity
  8
Camada 1
370
    20
100
AcDbSpline
210
0.0
220
0.0
230
1.0
 70
    11
 71
     3
 72
   191
 73
   187
 74
     0
 42
0.0000000001
 43
0.0000000001
 40
0.0
 40
0.0
 40
0.0
 40
0.0
 40
0.0161290322580645
 40
0.0161290322580645
 40
0.0161290322580645
 40
0.032258064516129
 40
0.032258064516129
 40
0.032258064516129
 40
0.0483870967741935
 40
0.0483870967741935
 40
0.0483870967741935
 40
0.0645161290322581
 40
0.0645161290322581
 40
0.0645161290322581
 40
0.0806451612903226
 40
0.0806451612903226
 40
0.0806451612903226
 40
0.0967741935483871
 40
0.0967741935483871
 40
0.0967741935483871
 40
0.1129032258064516
 40
0.1129032258064516
 40
0.1129032258064516
 40
0.1290322580645161
 40
0.1290322580645161
 40
0.1290322580645161
 40
0.1451612903225806
 40
0.1451612903225806
 40
0.1451612903225806
 40
0.1612903225806452
 40
0.1612903225806452
 40
0.1612903225806452
 40
0.1774193548387097
 40
0.1774193548387097
 40
0.1774193548387097
 40
0.1935483870967742
 40
0.1935483870967742
 40
0.1935483870967742
 40
0.2096774193548387
 40
0.2096774193548387
 40
0.2096774193548387
 40
0.2258064516129032
 40
0.2258064516129032
 40
0.2258064516129032
 40
0.2419354838709677
 40
0.2419354838709677
 40
0.2419354838709677
 40
0.2580645161290323
 40
0.2580645161290323
 40
0.2580645161290323
 40
0.2741935483870968
 40
0.2741935483870968
 40
0.2741935483870968
 40
0.2903225806451613
 40
0.2903225806451613
 40
0.2903225806451613
 40
0.3064516129032258
 40
0.3064516129032258
 40
0.3064516129032258
 40
0.3225806451612903
 40
0.3225806451612903
 40
0.3225806451612903
 40
0.3387096774193548
 40
0.3387096774193548
 40
0.3387096774193548
 40
0.3548387096774194
 40
0.3548387096774194
 40
0.3548387096774194
 40
0.3709677419354839
 40
0.3709677419354839
 40
0.3709677419354839
 40
0.3870967741935484
 40
0.3870967741935484
 40
0.3870967741935484
 40
0.4032258064516129
 40
0.4032258064516129
 40
0.4032258064516129
 40
0.4193548387096774
 40
0.4193548387096774
 40
0.4193548387096774
 40
0.4354838709677419
 40
0.4354838709677419
 40
0.4354838709677419
 40
0.4516129032258064
 40
0.4516129032258064
 40
0.4516129032258064
 40
0.4677419354838709
 40
0.4677419354838709
 40
0.4677419354838709
 40
0.4838709677419355
 40
0.4838709677419355
 40
0.4838709677419355
 40
0.5
 40
0.5
 40
0.5
 40
0.5161290322580645
 40
0.5161290322580645
 40
0.5161290322580645
 40
0.532258064516129
 40
0.532258064516129
 40
0.532258064516129
 40
0.5483870967741935
 40
0.5483870967741935
 40
0.5483870967741935
 40
0.564516129032258
 40
0.564516129032258
 40
0.564516129032258
 40
0.5806451612903225
 40
0.5806451612903225
 40
0.5806451612903225
 40
0.5967741935483871
 40
0.5967741935483871
 40
0.5967741935483871
 40
0.6129032258064516
 40
0.6129032258064516
 40
0.6129032258064516
 40
0.6290322580645161
 40
0.6290322580645161
 40
0.6290322580645161
 40
0.6451612903225806
 40
0.6451612903225806
 40
0.6451612903225806
 40
0.6612903225806451
 40
0.6612903225806451
 40
0.6612903225806451
 40
0.6774193548387096
 40
0.6774193548387096
 40
0.6774193548387096
 40
0.6935483870967741
 40
0.6935483870967741
 40
0.6935483870967741
 40
0.7096774193548387
 40
0.7096774193548387
 40
0.7096774193548387
 40
0.7258064516129032
 40
0.7258064516129032
 40
0.7258064516129032
 40
0.7419354838709677
 40
0.7419354838709677
 40
0.7419354838709677
 40
0.7580645161290323
 40
0.7580645161290323
 40
0.7580645161290323
 40
0.7741935483870968
 40
0.7741935483870968
 40
0.7741935483870968
 40
0.7903225806451613
 40
0.7903225806451613
 40
0.7903225806451613
 40
0.8064516129032258
 40
0.8064516129032258
 40
0.8064516129032258
 40
0.8225806451612903
 40
0.8225806451612903
 40
0.8225806451612903
 40
0.8387096774193548
 40
0.8387096774193548
 40
0.8387096774193548
 40
0.8548387096774194
 40
0.8548387096774194
 40
0.8548387096774194
 40
0.8709677419354839
 40
0.8709677419354839
 40
0.8709677419354839
 40
0.8870967741935484
 40
0.8870967741935484
 40
0.8870967741935484
 40
0.9032258064516129
 40
0.9032258064516129
 40
0.9032258064516129
 40
0.9193548387096774
 40
0.9193548387096774
 40
0.9193548387096774
 40
0.9354838709677419
 40
0.9354838709677419
 40
0.9354838709677419
 40
0.9516129032258064
 40
0.9516129032258064
 40
0.9516129032258064
 40
0.967741935483871
 40
0.967741935483871
 40
0.967741935483871
 40
0.9838709677419355
 40
0.9838709677419355
 40
0.9838709677419355
 40
1.0
 40
1.0
 40
1.0
 40
1.0
 10
-343.4427
 20
230.2139
 30
0.0
 10
-357.4168
 20
226.0222
 30
0.0
 10
-371.4558
 20
222.5601
 30
0.0
 10
-385.8575
 20
220.1897
 30
0.0
 10
-400.2606
 20
217.8191
 30
0.0
 10
-414.7481
 20
216.563
 30
0.0
 10
-429.3154
 20
215.7767
 30
0.0
 10
-429.5129
 20
215.7661
 30
0.0
 10
-429.7105
 20
215.7608
 30
0.0
 10
-429.9083
 20
215.7608
 30
0.0
 10
-454.2935
 20
215.7608
 30
0.0
 10
-478.6787
 20
215.7608
 30
0.0
 10
-503.0639
 20
215.7608
 30
0.0
 10
-503.2616
 20
215.7608
 30
0.0
 10
-503.4593
 20
215.7661
 30
0.0
 10
-503.6568
 20
215.7767
 30
0.0
 10
-518.2241
 20
216.563
 30
0.0
 10
-532.7117
 20
217.8191
 30
0.0
 10
-547.1148
 20
220.1898
 30
0.0
 10
-561.5166
 20
222.5602
 30
0.0
 10
-575.5556
 20
226.0223
 30
0.0
 10
-589.5298
 20
230.214
 30
0.0
 10
-596.8546
 20
232.4113
 30
0.0
 10
-598.3848
 20
240.5757
 30
0.0
 10
-597.1849
 20
247.2379
 30
0.0
 10
-593.3929
 20
268.2988
 30
0.0
 10
-588.9196
 20
289.0053
 30
0.0
 10
-583.4397
 20
309.6952
 30
0.0
 10
-579.6107
 20
324.152
 30
0.0
 10
-575.6476
 20
338.4614
 30
0.0
 10
-572.6565
 20
353.1293
 30
0.0
 10
-570.6691
 20
362.8755
 30
0.0
 10
-569.2595
 20
372.6699
 30
0.0
 10
-567.6625
 20
382.4804
 30
0.0
 10
-563.7612
 20
406.4452
 30
0.0
 10
-557.1947
 20
434.2428
 30
0.0
 10
-547.1019
 20
456.3311
 30
0.0
 10
-540.3935
 20
471.0125
 30
0.0
 10
-531.0633
 20
486.0014
 30
0.0
 10
-520.7562
 20
498.4248
 30
0.0
 10
-507.3908
 20
514.5345
 30
0.0
 10
-490.7401
 20
523.57
 30
0.0
 10
-469.7527
 20
524.9645
 30
0.0
 10
-469.6673
 20
524.9702
 30
0.0
 10
-469.5819
 20
524.9748
 30
0.0
 10
-469.4965
 20
524.9785
 30
0.0
 10
-469.4658
 20
524.9799
 30
0.0
 10
-469.4356
 20
524.9812
 30
0.0
 10
-469.4056
 20
524.9825
 30
0.0
 10
-469.3671
 20
524.9843
 30
0.0
 10
-469.3286
 20
524.9858
 30
0.0
 10
-469.2901
 20
524.9872
 30
0.0
 10
-469.2901
 20
524.9872
 30
0.0
 10
-469.2787
 20
524.9876
 30
0.0
 10
-469.2787
 20
524.9876
 30
0.0
 10
-467.8569
 20
525.0366
 30
0.0
 10
-464.9581
 20
525.0466
 30
0.0
 10
-463.5666
 20
524.9825
 30
0.0
 10
-463.5366
 20
524.9812
 30
0.0
 10
-463.5064
 20
524.9799
 30
0.0
 10
-463.4758
 20
524.9785
 30
0.0
 10
-463.3903
 20
524.9748
 30
0.0
 10
-463.3048
 20
524.9702
 30
0.0
 10
-463.2193
 20
524.9645
 30
0.0
 10
-442.232
 20
523.5699
 30
0.0
 10
-425.5814
 20
514.5345
 30
0.0
 10
-412.216
 20
498.4248
 30
0.0
 10
-401.9088
 20
486.0014
 30
0.0
 10
-392.5787
 20
471.0125
 30
0.0
 10
-385.8703
 20
456.3311
 30
0.0
 10
-375.7775
 20
434.2428
 30
0.0
 10
-369.211
 20
406.4452
 30
0.0
 10
-365.3097
 20
382.4804
 30
0.0
 10
-363.7127
 20
372.6699
 30
0.0
 10
-362.3031
 20
362.8755
 30
0.0
 10
-360.3157
 20
353.1293
 30
0.0
 10
-357.3246
 20
338.4614
 30
0.0
 10
-353.3615
 20
324.1519
 30
0.0
 10
-349.5325
 20
309.6952
 30
0.0
 10
-346.2315
 20
297.2319
 30
0.0
 10
-343.2957
 20
284.7625
 30
0.0
 10
-340.6542
 20
272.2133
 30
0.0
 10
-340.5781
 20
271.852
 30
0.0
 10
-340.6931
 20
271.5038
 30
0.0
 10
-340.9695
 20
271.2589
 30
0.0
 10
-340.9695
 20
271.2589
 30
0.0
 10
-341.5337
 20
270.7589
 30
0.0
 10
-341.5337
 20
270.7589
 30
0.0
 10
-341.8085
 20
270.5154
 30
0.0
 10
-341.9237
 20
270.1701
 30
0.0
 10
-341.8502
 20
269.8103
 30
0.0
 10
-341.7767
 20
269.4506
 30
0.0
 10
-341.5353
 20
269.1781
 30
0.0
 10
-341.187
 20
269.0619
 30
0.0
 10
-341.187
 20
269.0619
 30
0.0
 10
-341.1869
 20
269.0619
 30
0.0
 10
-341.1869
 20
269.0619
 30
0.0
 10
-341.1869
 20
269.0619
 30
0.0
 10
-340.4565
 20
268.8182
 30
0.0
 10
-340.4565
 20
268.8182
 30
0.0
 10
-340.1084
 20
268.7021
 30
0.0
 10
-339.8671
 20
268.43
 30
0.0
 10
-339.7934
 20
268.0705
 30
0.0
 10
-339.6127
 20
267.1894
 30
0.0
 10
-339.4333
 20
266.3078
 30
0.0
 10
-339.2554
 20
265.426
 30
0.0
 10
-339.183
 20
265.0669
 30
0.0
 10
-339.2982
 20
264.7227
 30
0.0
 10
-339.5724
 20
264.4798
 30
0.0
 10
-339.5724
 20
264.4798
 30
0.0
 10
-340.1468
 20
263.9708
 30
0.0
 10
-340.1468
 20
263.9708
 30
0.0
 10
-340.1468
 20
263.9708
 30
0.0
 10
-340.1469
 20
263.9707
 30
0.0
 10
-340.1469
 20
263.9707
 30
0.0
 10
-340.4217
 20
263.7272
 30
0.0
 10
-340.5369
 20
263.3819
 30
0.0
 10
-340.4634
 20
263.0221
 30
0.0
 10
-340.3899
 20
262.6624
 30
0.0
 10
-340.1485
 20
262.3899
 30
0.0
 10
-339.8002
 20
262.2737
 30
0.0
 10
-339.8002
 20
262.2737
 30
0.0
 10
-339.8001
 20
262.2737
 30
0.0
 10
-339.8001
 20
262.2737
 30
0.0
 10
-339.8001
 20
262.2737
 30
0.0
 10
-339.0949
 20
262.0384
 30
0.0
 10
-339.0949
 20
262.0384
 30
0.0
 10
-338.7441
 20
261.9213
 30
0.0
 10
-338.5016
 20
261.6454
 30
0.0
 10
-338.4303
 20
261.2825
 30
0.0
 10
-338.4138
 20
261.1981
 30
0.0
 10
-338.3971
 20
261.1137
 30
0.0
 10
-338.3806
 20
261.0293
 30
0.0
 10
-338.3104
 20
260.6717
 30
0.0
 10
-338.4259
 20
260.3301
 30
0.0
 10
-338.6986
 20
260.0884
 30
0.0
 10
-338.6986
 20
260.0884
 30
0.0
 10
-339.2532
 20
259.5969
 30
0.0
 10
-339.2532
 20
259.5969
 30
0.0
 10
-339.528
 20
259.3534
 30
0.0
 10
-339.6432
 20
259.0081
 30
0.0
 10
-339.5697
 20
258.6483
 30
0.0
 10
-339.4962
 20
258.2886
 30
0.0
 10
-339.2548
 20
258.0161
 30
0.0
 10
-338.9065
 20
257.8999
 30
0.0
 10
-338.9065
 20
257.8999
 30
0.0
 10
-338.9064
 20
257.8999
 30
0.0
 10
-338.9064
 20
257.8999
 30
0.0
 10
-338.9064
 20
257.8999
 30
0.0
 10
-338.2502
 20
257.6809
 30
0.0
 10
-338.2502
 20
257.6809
 30
0.0
 10
-337.8977
 20
257.5633
 30
0.0
 10
-337.6543
 20
257.2852
 30
0.0
 10
-337.5845
 20
256.9202
 30
0.0
 10
-337.4093
 20
256.0044
 30
0.0
 10
-337.2354
 20
255.0878
 30
0.0
 10
-337.063
 20
254.1707
 30
0.0
 10
-336.9961
 20
253.8152
 30
0.0
 10
-337.1119
 20
253.4773
 30
0.0
 10
-337.3826
 20
253.2374
 30
0.0
 10
-337.3826
 20
253.2374
 30
0.0
 10
-337.8663
 20
252.8088
 30
0.0
 10
-337.8663
 20
252.8088
 30
0.0
 10
-337.8663
 20
252.8088
 30
0.0
 10
-337.8664
 20
252.8087
 30
0.0
 10
-337.8664
 20
252.8087
 30
0.0
 10
-338.1412
 20
252.5652
 30
0.0
 10
-338.2564
 20
252.2199
 30
0.0
 10
-338.1829
 20
251.8601
 30
0.0
 10
-338.1094
 20
251.5004
 30
0.0
 10
-337.868
 20
251.2279
 30
0.0
 10
-337.5197
 20
251.1117
 30
0.0
 10
-337.5197
 20
251.1117
 30
0.0
 10
-337.5196
 20
251.1117
 30
0.0
 10
-337.5196
 20
251.1117
 30
0.0
 10
-337.5196
 20
251.1117
 30
0.0
 10
-336.9864
 20
250.9338
 30
0.0
 10
-336.9864
 20
250.9338
 30
0.0
 10
-336.6314
 20
250.8153
 30
0.0
 10
-336.3869
 20
250.5337
 30
0.0
 10
-336.3194
 20
250.1656
 30
0.0
 10
-336.1406
 20
249.1904
 30
0.0
 10
-335.9632
 20
248.2145
 30
0.0
 10
-335.7873
 20
247.2379
 30
0.0
 10
-334.5876
 20
240.5756
 30
0.0
 10
-336.1177
 20
232.4113
 30
0.0
 10
-343.4427
 20
230.2139
 30
0.0
  0
SPLINE
  5
8B
330
1F
100
AcDbEntity
  8
Camada 1
 62
     1
370
    20
100
AcDbSpline
210
0.0
220
0.0
230
1.0
 70
    11
 71
     3
 72
    41
 73
    37
 74
     0
 42
0.0000000001
 43
0.0000000001
 40
0.0
 40
0.0
 40
0.0
 40
0.0
 40
0.0833333333333333
 40
0.0833333333333333
 40
0.0833333333333333
 40
0.1666666666666667
 40
0.1666666666666667
 40
0.1666666666666667
 40
0.25
 40
0.25
 40
0.25
 40
0.3333333333333333
 40
0.3333333333333333
 40
0.3333333333333333
 40
0.4166666666666666
 40
0.4166666666666666
 40
0.4166666666666666
 40
0.5
 40
0.5
 40
0.5
 40
0.5833333333333333
 40
0.5833333333333333
 40
0.5833333333333333
 40
0.6666666666666666
 40
0.6666666666666666
 40
0.6666666666666666
 40
0.75
 40
0.75
 40
0.75
 40
0.8333333333333333
 40
0.8333333333333333
 40
0.8333333333333333
 40
0.9166666666666666
 40
0.9166666666666666
 40
0.9166666666666666
 40
1.0
 40
1.0
 40
1.0
 40
1.0
 10
-398.8962
 20
428.0605
 30
0.0
 10
-398.8962
 20
428.0605
 30
0.0
 10
-401.1869
 20
387.3964
 30
0.0
 10
-401.1869
 20
387.3964
 30
0.0
 10
-401.2081
 20
387.0203
 30
0.0
 10
-401.4184
 20
386.7086
 30
0.0
 10
-401.7591
 20
386.548
 30
0.0
 10
-402.0998
 20
386.3875
 30
0.0
 10
-402.4741
 20
386.4238
 30
0.0
 10
-402.7776
 20
386.6469
 30
0.0
 10
-402.7776
 20
386.6469
 30
0.0
 10
-410.1546
 20
392.0697
 30
0.0
 10
-410.1546
 20
392.0697
 30
0.0
 10
-410.388
 20
392.2413
 30
0.0
 10
-410.5242
 20
392.4771
 30
0.0
 10
-410.5562
 20
392.765
 30
0.0
 10
-410.5562
 20
392.765
 30
0.0
 10
-413.5112
 20
419.3684
 30
0.0
 10
-413.5112
 20
419.3684
 30
0.0
 10
-413.5209
 20
419.4557
 30
0.0
 10
-413.5386
 20
419.5292
 30
0.0
 10
-413.5696
 20
419.6114
 30
0.0
 10
-420.1187
 20
436.9338
 30
0.0
 10
-432.0307
 20
459.4504
 30
0.0
 10
-439.7347
 20
477.8913
 30
0.0
 10
-439.9292
 20
478.3568
 30
0.0
 10
-439.7514
 20
478.8867
 30
0.0
 10
-439.3156
 20
479.1408
 30
0.0
 10
-438.8797
 20
479.3948
 30
0.0
 10
-438.3311
 20
479.2884
 30
0.0
 10
-438.0219
 20
478.8898
 30
0.0
 10
-438.0219
 20
478.8898
 30
0.0
 10
-399.1046
 20
428.7297
 30
0.0
 10
-399.1046
 20
428.7297
 30
0.0
 10
-398.9507
 20
428.5313
 30
0.0
 10
-398.8821
 20
428.3112
 30
0.0
 10
-398.8962
 20
428.0605
 30
0.0
  0
SPLINE
  5
8C
330
1F
100
AcDbEntity
  8
Camada 1
 62
     1
370
    20
100
AcDbSpline
210
0.0
220
0.0
230
1.0
 70
    11
 71
     3
 72
    38
 73
    34
 74
     0
 42
0.0000000001
 43
0.0000000001
 40
0.0
 40
0.0
 40
0.0
 40
0.0
 40
0.0909090909090909
 40
0.0909090909090909
 40
0.0909090909090909
 40
0.1818181818181818
 40
0.1818181818181818
 40
0.1818181818181818
 40
0.2727272727272727
 40
0.2727272727272727
 40
0.2727272727272727
 40
0.3636363636363636
 40
0.3636363636363636
 40
0.3636363636363636
 40
0.4545454545454546
 40
0.4545454545454546
 40
0.4545454545454546
 40
0.5454545454545454
 40
0.5454545454545454
 40
0.5454545454545454
 40
0.6363636363636364
 40
0.6363636363636364
 40
0.6363636363636364
 40
0.7272727272727273
 40
0.7272727272727273
 40
0.7272727272727273
 40
0.8181818181818182
 40
0.8181818181818182
 40
0.8181818181818182
 40
0.9090909090909092
 40
0.9090909090909092
 40
0.9090909090909092
 40
1.0
 40
1.0
 40
1.0
 40
1.0
 10
-402.5171
 20
363.7804
 30
0.0
 10
-402.5171
 20
363.7804
 30
0.0
 10
-403.085
 20
353.6992
 30
0.0
 10
-403.085
 20
353.6992
 30
0.0
 10
-403.1065
 20
353.3171
 30
0.0
 10
-403.324
 20
353.0006
 30
0.0
 10
-403.673
 20
352.8436
 30
0.0
 10
-404.022
 20
352.6865
 30
0.0
 10
-404.403
 20
352.7335
 30
0.0
 10
-404.7033
 20
352.9708
 30
0.0
 10
-404.7033
 20
352.9708
 30
0.0
 10
-405.9459
 20
353.9525
 30
0.0
 10
-405.9459
 20
353.9525
 30
0.0
 10
-406.1637
 20
354.1246
 30
0.0
 10
-406.2892
 20
354.3509
 30
0.0
 10
-406.3198
 20
354.6268
 30
0.0
 10
-406.3198
 20
354.6268
 30
0.0
 10
-407.3058
 20
363.5027
 30
0.0
 10
-407.3058
 20
363.5027
 30
0.0
 10
-407.3368
 20
363.7818
 30
0.0
 10
-407.2618
 20
364.0333
 30
0.0
 10
-407.0831
 20
364.2499
 30
0.0
 10
-406.9043
 20
364.4664
 30
0.0
 10
-406.6715
 20
364.5876
 30
0.0
 10
-406.3916
 20
364.61
 30
0.0
 10
-406.3916
 20
364.61
 30
0.0
 10
-403.5952
 20
364.8335
 30
0.0
 10
-403.5952
 20
364.8335
 30
0.0
 10
-403.2969
 20
364.8574
 30
0.0
 10
-403.0308
 20
364.7611
 30
0.0
 10
-402.8168
 20
364.5521
 30
0.0
 10
-402.6027
 20
364.3429
 30
0.0
 10
-402.5003
 20
364.0792
 30
0.0
 10
-402.5171
 20
363.7804
 30
0.0
  0
SPLINE
  5
8D
330
1F
100
AcDbEntity
  8
Camada 1
 62
     1
370
    20
100
AcDbSpline
210
0.0
220
0.0
230
1.0
 70
    11
 71
     3
 72
    41
 73
    37
 74
     0
 42
0.0000000001
 43
0.0000000001
 40
0.0
 40
0.0
 40
0.0
 40
0.0
 40
0.0833333333333333
 40
0.0833333333333333
 40
0.0833333333333333
 40
0.1666666666666667
 40
0.1666666666666667
 40
0.1666666666666667
 40
0.25
 40
0.25
 40
0.25
 40
0.3333333333333333
 40
0.3333333333333333
 40
0.3333333333333333
 40
0.4166666666666666
 40
0.4166666666666666
 40
0.4166666666666666
 40
0.5
 40
0.5
 40
0.5
 40
0.5833333333333333
 40
0.5833333333333333
 40
0.5833333333333333
 40
0.6666666666666666
 40
0.6666666666666666
 40
0.6666666666666666
 40
0.75
 40
0.75
 40
0.75
 40
0.8333333333333333
 40
0.8333333333333333
 40
0.8333333333333333
 40
0.9166666666666666
 40
0.9166666666666666
 40
0.9166666666666666
 40
1.0
 40
1.0
 40
1.0
 40
1.0
 10
-522.692
 20
390.57
 30
0.0
 10
-522.692
 20
390.57
 30
0.0
 10
-530.6754
 20
384.4714
 30
0.0
 10
-530.6754
 20
384.4714
 30
0.0
 10
-530.9793
 20
384.2393
 30
0.0
 10
-531.3605
 20
384.1983
 30
0.0
 10
-531.7068
 20
384.3606
 30
0.0
 10
-532.053
 20
384.5229
 30
0.0
 10
-532.2655
 20
384.8421
 30
0.0
 10
-532.2816
 20
385.2241
 30
0.0
 10
-532.2816
 20
385.2241
 30
0.0
 10
-534.0834
 20
428.0684
 30
0.0
 10
-534.0834
 20
428.0684
 30
0.0
 10
-534.0937
 20
428.3143
 30
0.0
 10
-534.0252
 20
428.529
 30
0.0
 10
-533.8744
 20
428.7234
 30
0.0
 10
-533.8744
 20
428.7234
 30
0.0
 10
-494.9596
 20
478.8805
 30
0.0
 10
-494.9596
 20
478.8805
 30
0.0
 10
-494.6502
 20
479.2794
 30
0.0
 10
-494.101
 20
479.3856
 30
0.0
 10
-493.6651
 20
479.131
 30
0.0
 10
-493.2294
 20
478.8765
 30
0.0
 10
-493.052
 20
478.3463
 30
0.0
 10
-493.2471
 20
477.8809
 30
0.0
 10
-500.7278
 20
460.0405
 30
0.0
 10
-511.5896
 20
440.1873
 30
0.0
 10
-518.1188
 20
422.9134
 30
0.0
 10
-518.1474
 20
422.8378
 30
0.0
 10
-518.1641
 20
422.7704
 30
0.0
 10
-518.1746
 20
422.6902
 30
0.0
 10
-518.1746
 20
422.6902
 30
0.0
 10
-522.3076
 20
391.2344
 30
0.0
 10
-522.3076
 20
391.2344
 30
0.0
 10
-522.3436
 20
390.9605
 30
0.0
 10
-522.4725
 20
390.7377
 30
0.0
 10
-522.692
 20
390.57
 30
0.0
  0
SPLINE
  5
8E
330
1F
100
AcDbEntity
  8
Camada 1
 62
     1
370
    20
100
AcDbSpline
210
0.0
220
0.0
230
1.0
 70
    11
 71
     3
 72
    35
 73
    31
 74
     0
 42
0.0000000001
 43
0.0000000001
 40
0.0
 40
0.0
 40
0.0
 40
0.0
 40
0.1
 40
0.1
 40
0.1
 40
0.2
 40
0.2
 40
0.2
 40
0.3
 40
0.3
 40
0.3
 40
0.4
 40
0.4
 40
0.4
 40
0.5
 40
0.5
 40
0.5
 40
0.6000000000000001
 40
0.6000000000000001
 40
0.6000000000000001
 40
0.7000000000000001
 40
0.7000000000000001
 40
0.7000000000000001
 40
0.8
 40
0.8
 40
0.8
 40
0.9
 40
0.9
 40
0.9
 40
1.0
 40
1.0
 40
1.0
 40
1.0
 10
-531.0814
 20
366.8518
 30
0.0
 10
-531.0814
 20
366.8518
 30
0.0
 10
-526.8015
 20
370.1213
 30
0.0
 10
-526.8015
 20
370.1213
 30
0.0
 10
-526.4736
 20
370.3718
 30
0.0
 10
-526.0508
 20
370.3989
 30
0.0
 10
-525.6937
 20
370.1922
 30
0.0
 10
-525.3365
 20
369.9856
 30
0.0
 10
-525.1492
 20
369.6056
 30
0.0
 10
-525.203
 20
369.1964
 30
0.0
 10
-525.203
 20
369.1964
 30
0.0
 10
-525.4634
 20
367.2139
 30
0.0
 10
-525.4634
 20
367.2139
 30
0.0
 10
-525.478
 20
367.1028
 30
0.0
 10
-525.5058
 20
367.01
 30
0.0
 10
-525.5545
 20
366.9091
 30
0.0
 10
-525.5545
 20
366.9091
 30
0.0
 10
-529.302
 20
359.1533
 30
0.0
 10
-529.302
 20
359.1533
 30
0.0
 10
-529.5041
 20
358.7351
 30
0.0
 10
-529.9502
 20
358.515
 30
0.0
 10
-530.4051
 20
358.6092
 30
0.0
 10
-530.8599
 20
358.7033
 30
0.0
 10
-531.182
 20
359.0823
 30
0.0
 10
-531.2015
 20
359.5464
 30
0.0
 10
-531.2015
 20
359.5464
 30
0.0
 10
-531.4735
 20
366.0151
 30
0.0
 10
-531.4735
 20
366.0151
 30
0.0
 10
-531.4877
 20
366.3516
 30
0.0
 10
-531.349
 20
366.6474
 30
0.0
 10
-531.0814
 20
366.8518
 30
0.0
  0
SPLINE
  5
8F
330
1F
100
AcDbEntity
  8
Camada 1
 62
     1
370
    20
100
AcDbSpline
210
0.0
220
0.0
230
1.0
 70
    11
 71
     3
 72
    77
 73
    73
 74
     0
 42
0.0000000001
 43
0.0000000001
 40
0.0
 40
0.0
 40
0.0
 40
0.0
 40
0.0416666666666667
 40
0.0416666666666667
 40
0.0416666666666667
 40
0.0833333333333333
 40
0.0833333333333333
 40
0.0833333333333333
 40
0.125
 40
0.125
 40
0.125
 40
0.1666666666666667
 40
0.1666666666666667
 40
0.1666666666666667
 40
0.2083333333333333
 40
0.2083333333333333
 40
0.2083333333333333
 40
0.25
 40
0.25
 40
0.25
 40
0.2916666666666666
 40
0.2916666666666666
 40
0.2916666666666666
 40
0.3333333333333333
 40
0.3333333333333333
 40
0.3333333333333333
 40
0.375
 40
0.375
 40
0.375
 40
0.4166666666666666
 40
0.4166666666666666
 40
0.4166666666666666
 40
0.4583333333333333
 40
0.4583333333333333
 40
0.4583333333333333
 40
0.5
 40
0.5
 40
0.5
 40
0.5416666666666666
 40
0.5416666666666666
 40
0.5416666666666666
 40
0.5833333333333333
 40
0.5833333333333333
 40
0.5833333333333333
 40
0.625
 40
0.625
 40
0.625
 40
0.6666666666666666
 40
0.6666666666666666
 40
0.6666666666666666
 40
0.7083333333333333
 40
0.7083333333333333
 40
0.7083333333333333
 40
0.75
 40
0.75
 40
0.75
 40
0.7916666666666666
 40
0.7916666666666666
 40
0.7916666666666666
 40
0.8333333333333333
 40
0.8333333333333333
 40
0.8333333333333333
 40
0.875
 40
0.875
 40
0.875
 40
0.9166666666666666
 40
0.9166666666666666
 40
0.9166666666666666
 40
0.9583333333333333
 40
0.9583333333333333
 40
0.9583333333333333
 40
1.0
 40
1.0
 40
1.0
 40
1.0
 10
-433.4205
 20
426.0496
 30
0.0
 10
-431.9404
 20
426.3484
 30
0.0
 10
-430.4601
 20
426.6472
 30
0.0
 10
-428.98
 20
426.9459
 30
0.0
 10
-428.6387
 20
427.0148
 30
0.0
 10
-428.3775
 20
427.2329
 30
0.0
 10
-428.2487
 20
427.5564
 30
0.0
 10
-428.12
 20
427.8798
 30
0.0
 10
-428.16
 20
428.2179
 30
0.0
 10
-428.3606
 20
428.5024
 30
0.0
 10
-434.0941
 20
436.5939
 30
0.0
 10
-465.6702
 20
481.1551
 30
0.0
 10
-465.6702
 20
481.1551
 30
0.0
 10
-465.8637
 20
481.4281
 30
0.0
 10
-466.1515
 20
481.577
 30
0.0
 10
-466.4861
 20
481.577
 30
0.0
 10
-466.8207
 20
481.577
 30
0.0
 10
-467.1085
 20
481.4281
 30
0.0
 10
-467.302
 20
481.1551
 30
0.0
 10
-467.302
 20
481.1551
 30
0.0
 10
-498.8672
 20
436.6043
 30
0.0
 10
-504.6597
 20
428.4288
 30
0.0
 10
-504.8619
 20
428.1422
 30
0.0
 10
-504.9012
 20
427.8009
 30
0.0
 10
-504.7692
 20
427.476
 30
0.0
 10
-504.6372
 20
427.151
 30
0.0
 10
-504.3712
 20
426.9337
 30
0.0
 10
-504.0264
 20
426.8693
 30
0.0
 10
-502.6129
 20
426.6054
 30
0.0
 10
-500.6372
 20
426.2286
 30
0.0
 10
-499.5439
 20
426.0289
 30
0.0
 10
-499.126
 20
425.9526
 30
0.0
 10
-498.7249
 20
426.1342
 30
0.0
 10
-498.5065
 20
426.4985
 30
0.0
 10
-498.3027
 20
426.8385
 30
0.0
 10
-498.0801
 20
427.1768
 30
0.0
 10
-497.8488
 20
427.4711
 30
0.0
 10
-495.3191
 20
430.6969
 30
0.0
 10
-492.7918
 20
433.9265
 30
0.0
 10
-490.2632
 20
437.155
 30
0.0
 10
-487.922
 20
440.144
 30
0.0
 10
-483.9485
 20
439.9856
 30
0.0
 10
-481.5918
 20
437.815
 30
0.0
 10
-481.269
 20
437.5177
 30
0.0
 10
-480.8121
 20
437.4633
 30
0.0
 10
-480.4285
 20
437.6765
 30
0.0
 10
-479.5459
 20
438.1669
 30
0.0
 10
-478.6256
 20
438.5964
 30
0.0
 10
-477.6685
 20
438.9624
 30
0.0
 10
-471.0461
 20
441.4955
 30
0.0
 10
-461.9259
 20
441.4954
 30
0.0
 10
-455.3035
 20
438.9623
 30
0.0
 10
-454.3552
 20
438.5996
 30
0.0
 10
-453.443
 20
438.1748
 30
0.0
 10
-452.5679
 20
437.6899
 30
0.0
 10
-452.1818
 20
437.476
 30
0.0
 10
-451.7217
 20
437.5331
 30
0.0
 10
-451.3996
 20
437.8348
 30
0.0
 10
-450.7907
 20
438.4052
 30
0.0
 10
-450.0507
 20
438.8448
 30
0.0
 10
-449.2013
 20
439.1282
 30
0.0
 10
-446.8319
 20
439.9187
 30
0.0
 10
-444.2452
 20
439.116
 30
0.0
 10
-442.7092
 20
437.1553
 30
0.0
 10
-440.1781
 20
433.9244
 30
0.0
 10
-437.6417
 20
430.6971
 30
0.0
 10
-435.1162
 20
427.4619
 30
0.0
 10
-434.8909
 20
427.1731
 30
0.0
 10
-434.6743
 20
426.845
 30
0.0
 10
-434.4751
 20
426.5141
 30
0.0
 10
-434.253
 20
426.1452
 30
0.0
 10
-433.8426
 20
425.9644
 30
0.0
 10
-433.4205
 20
426.0496
 30
0.0
  0
SPLINE
  5
90
330
1F
100
AcDbEntity
  8
Camada 1
 62
     1
370
    20
100
AcDbSpline
210
0.0
220
0.0
230
1.0
 70
    11
 71
     3
 72
    29
 73
    25
 74
     0
 42
0.0000000001
 43
0.0000000001
 40
0.0
 40
0.0
 40
0.0
 40
0.0
 40
0.125
 40
0.125
 40
0.125
 40
0.25
 40
0.25
 40
0.25
 40
0.375
 40
0.375
 40
0.375
 40
0.5
 40
0.5
 40
0.5
 40
0.625
 40
0.625
 40
0.625
 40
0.75
 40
0.75
 40
0.75
 40
0.875
 40
0.875
 40
0.875
 40
1.0
 40
1.0
 40
1.0
 40
1.0
 10
-503.2819
 20
410.5742
 30
0.0
 10
-503.2819
 20
410.5742
 30
0.0
 10
-512.0662
 20
404.1171
 30
0.0
 10
-512.0662
 20
404.1171
 30
0.0
 10
-512.3958
 20
403.8749
 30
0.0
 10
-512.8139
 20
403.8537
 30
0.0
 10
-513.1663
 20
404.0614
 30
0.0
 10
-513.5186
 20
404.269
 30
0.0
 10
-513.7026
 20
404.6451
 30
0.0
 10
-513.6503
 20
405.0507
 30
0.0
 10
-513.6503
 20
405.0507
 30
0.0
 10
-512.4642
 20
414.2519
 30
0.0
 10
-512.4642
 20
414.2519
 30
0.0
 10
-512.4284
 20
414.5299
 30
0.0
 10
-512.2965
 20
414.7561
 30
0.0
 10
-512.0723
 20
414.9242
 30
0.0
 10
-511.848
 20
415.0922
 30
0.0
 10
-511.5939
 20
415.1554
 30
0.0
 10
-511.3171
 20
415.1119
 30
0.0
 10
-511.3171
 20
415.1119
 30
0.0
 10
-504.1228
 20
413.9805
 30
0.0
 10
-504.1228
 20
413.9805
 30
0.0
 10
-502.4487
 20
413.7172
 30
0.0
 10
-501.9121
 20
411.581
 30
0.0
 10
-503.2819
 20
410.5742
 30
0.0
  0
SPLINE
  5
91
330
1F
100
AcDbEntity
  8
Camada 1
 62
     1
370
    20
100
AcDbSpline
210
0.0
220
0.0
230
1.0
 70
    11
 71
     3
 72
    23
 73
    19
 74
     0
 42
0.0000000001
 43
0.0000000001
 40
0.0
 40
0.0
 40
0.0
 40
0.0
 40
0.1666666666666667
 40
0.1666666666666667
 40
0.1666666666666667
 40
0.3333333333333333
 40
0.3333333333333333
 40
0.3333333333333333
 40
0.5
 40
0.5
 40
0.5
 40
0.6666666666666666
 40
0.6666666666666666
 40
0.6666666666666666
 40
0.8333333333333333
 40
0.8333333333333333
 40
0.8333333333333333
 40
1.0
 40
1.0
 40
1.0
 40
1.0
 10
-425.3492
 20
381.9381
 30
0.0
 10
-424.6363
 20
381.4141
 30
0.0
 10
-424.9643
 20
380.2965
 30
0.0
 10
-425.8427
 20
380.2262
 30
0.0
 10
-425.8427
 20
380.2262
 30
0.0
 10
-432.4883
 20
379.695
 30
0.0
 10
-432.4883
 20
379.695
 30
0.0
 10
-433.0723
 20
379.6483
 30
0.0
 10
-433.5591
 20
380.1198
 30
0.0
 10
-433.5218
 20
380.7032
 30
0.0
 10
-433.5218
 20
380.7032
 30
0.0
 10
-433.1904
 20
385.8757
 30
0.0
 10
-433.1904
 20
385.8757
 30
0.0
 10
-433.1418
 20
386.6332
 30
0.0
 10
-432.2726
 20
387.027
 30
0.0
 10
-431.6636
 20
386.5794
 30
0.0
 10
-431.6636
 20
386.5794
 30
0.0
 10
-425.3492
 20
381.9381
 30
0.0
 10
-425.3492
 20
381.9381
 30
0.0
  0
SPLINE
  5
92
330
1F
100
AcDbEntity
  8
Camada 1
 62
     1
370
    20
100
AcDbSpline
210
0.0
220
0.0
230
1.0
 70
    11
 71
     3
 72
    29
 73
    25
 74
     0
 42
0.0000000001
 43
0.0000000001
 40
0.0
 40
0.0
 40
0.0
 40
0.0
 40
0.125
 40
0.125
 40
0.125
 40
0.25
 40
0.25
 40
0.25
 40
0.375
 40
0.375
 40
0.375
 40
0.5
 40
0.5
 40
0.5
 40
0.625
 40
0.625
 40
0.625
 40
0.75
 40
0.75
 40
0.75
 40
0.875
 40
0.875
 40
0.875
 40
1.0
 40
1.0
 40
1.0
 40
1.0
 10
-420.508
 20
414.2524
 30
0.0
 10
-420.508
 20
414.2524
 30
0.0
 10
-419.3215
 20
405.0479
 30
0.0
 10
-419.3215
 20
405.0479
 30
0.0
 10
-419.2692
 20
404.6423
 30
0.0
 10
-419.4532
 20
404.2662
 30
0.0
 10
-419.8056
 20
404.0585
 30
0.0
 10
-420.1579
 20
403.8509
 30
0.0
 10
-420.576
 20
403.8721
 30
0.0
 10
-420.9056
 20
404.1143
 30
0.0
 10
-420.9056
 20
404.1143
 30
0.0
 10
-429.6936
 20
410.5742
 30
0.0
 10
-429.6936
 20
410.5742
 30
0.0
 10
-431.0634
 20
411.581
 30
0.0
 10
-430.5271
 20
413.7172
 30
0.0
 10
-428.8527
 20
413.9805
 30
0.0
 10
-428.8527
 20
413.9805
 30
0.0
 10
-421.6551
 20
415.1125
 30
0.0
 10
-421.6551
 20
415.1125
 30
0.0
 10
-421.3782
 20
415.156
 30
0.0
 10
-421.1242
 20
415.0928
 30
0.0
 10
-420.8999
 20
414.9247
 30
0.0
 10
-420.6757
 20
414.7566
 30
0.0
 10
-420.5438
 20
414.5304
 30
0.0
 10
-420.508
 20
414.2524
 30
0.0
  0
SPLINE
  5
93
330
1F
100
AcDbEntity
  8
Camada 1
 62
     1
370
    20
100
AcDbSpline
210
0.0
220
0.0
230
1.0
 70
    11
 71
     3
 72
    29
 73
    25
 74
     0
 42
0.0000000001
 43
0.0000000001
 40
0.0
 40
0.0
 40
0.0
 40
0.0
 40
0.125
 40
0.125
 40
0.125
 40
0.25
 40
0.25
 40
0.25
 40
0.375
 40
0.375
 40
0.375
 40
0.5
 40
0.5
 40
0.5
 40
0.625
 40
0.625
 40
0.625
 40
0.75
 40
0.75
 40
0.75
 40
0.875
 40
0.875
 40
0.875
 40
1.0
 40
1.0
 40
1.0
 40
1.0
 10
-441.8911
 20
472.7721
 30
0.0
 10
-441.8911
 20
472.7721
 30
0.0
 10
-435.4679
 20
451.6228
 30
0.0
 10
-435.4679
 20
451.6228
 30
0.0
 10
-435.3238
 20
451.1485
 30
0.0
 10
-435.542
 20
450.6491
 30
0.0
 10
-435.9879
 20
450.4326
 30
0.0
 10
-436.4338
 20
450.2161
 30
0.0
 10
-436.9612
 20
450.3534
 30
0.0
 10
-437.2448
 20
450.7599
 30
0.0
 10
-437.2448
 20
450.7599
 30
0.0
 10
-458.795
 20
481.6428
 30
0.0
 10
-458.795
 20
481.6428
 30
0.0
 10
-459.0595
 20
482.0218
 30
0.0
 10
-459.0349
 20
482.5152
 30
0.0
 10
-458.734
 20
482.8661
 30
0.0
 10
-458.4332
 20
483.2169
 30
0.0
 10
-457.9494
 20
483.3164
 30
0.0
 10
-457.5345
 20
483.1129
 30
0.0
 10
-451.6814
 20
480.2427
 30
0.0
 10
-447.8517
 20
477.8213
 30
0.0
 10
-442.2186
 20
473.2587
 30
0.0
 10
-442.0564
 20
473.1273
 30
0.0
 10
-441.9517
 20
472.9718
 30
0.0
 10
-441.8911
 20
472.7721
 30
0.0
  0
SPLINE
  5
94
330
1F
100
AcDbEntity
  8
Camada 1
 62
     1
370
    20
100
AcDbSpline
210
0.0
220
0.0
230
1.0
 70
    11
 71
     3
 72
    29
 73
    25
 74
     0
 42
0.0000000001
 43
0.0000000001
 40
0.0
 40
0.0
 40
0.0
 40
0.0
 40
0.125
 40
0.125
 40
0.125
 40
0.25
 40
0.25
 40
0.25
 40
0.375
 40
0.375
 40
0.375
 40
0.5
 40
0.5
 40
0.5
 40
0.625
 40
0.625
 40
0.625
 40
0.75
 40
0.75
 40
0.75
 40
0.875
 40
0.875
 40
0.875
 40
1.0
 40
1.0
 40
1.0
 40
1.0
 10
-474.1791
 20
481.6428
 30
0.0
 10
-474.1791
 20
481.6428
 30
0.0
 10
-495.7292
 20
450.7599
 30
0.0
 10
-495.7292
 20
450.7599
 30
0.0
 10
-496.0128
 20
450.3534
 30
0.0
 10
-496.5402
 20
450.2161
 30
0.0
 10
-496.986
 20
450.4326
 30
0.0
 10
-497.4319
 20
450.6491
 30
0.0
 10
-497.6501
 20
451.1485
 30
0.0
 10
-497.5061
 20
451.6228
 30
0.0
 10
-497.5061
 20
451.6228
 30
0.0
 10
-491.0829
 20
472.7721
 30
0.0
 10
-491.0829
 20
472.7721
 30
0.0
 10
-491.0222
 20
472.9718
 30
0.0
 10
-490.9175
 20
473.1273
 30
0.0
 10
-490.7553
 20
473.2587
 30
0.0
 10
-485.1222
 20
477.8212
 30
0.0
 10
-481.2926
 20
480.2427
 30
0.0
 10
-475.4395
 20
483.1129
 30
0.0
 10
-475.0246
 20
483.3164
 30
0.0
 10
-474.5409
 20
483.2168
 30
0.0
 10
-474.24
 20
482.866
 30
0.0
 10
-473.9392
 20
482.5152
 30
0.0
 10
-473.9146
 20
482.0218
 30
0.0
 10
-474.1791
 20
481.6428
 30
0.0
  0
SPLINE
  5
95
330
1F
100
AcDbEntity
  8
Camada 1
 62
     3
370
    20
100
AcDbSpline
210
0.0
220
0.0
230
1.0
 70
    11
 71
     3
 72
    11
 73
     7
 74
     0
 42
0.0000000001
 43
0.0000000001
 40
0.0
 40
0.0
 40
0.0
 40
0.0
 40
0.5
 40
0.5
 40
0.5
 40
1.0
 40
1.0
 40
1.0
 40
1.0
 10
-466.4863
 20
319.9668
 30
0.0
 10
-465.2245
 20
319.9668
 30
0.0
 10
-465.2245
 20
318.066
 30
0.0
 10
-466.4863
 20
318.066
 30
0.0
 10
-467.7481
 20
318.066
 30
0.0
 10
-467.7481
 20
319.9668
 30
0.0
 10
-466.4863
 20
319.9668
 30
0.0
  0
SPLINE
  5
96
330
1F
100
AcDbEntity
  8
Camada 1
 62
     3
370
    20
100
AcDbSpline
210
0.0
220
0.0
230
1.0
 70
    11
 71
     3
 72
    11
 73
     7
 74
     0
 42
0.0000000001
 43
0.0000000001
 40
0.0
 40
0.0
 40
0.0
 40
0.0
 40
0.5
 40
0.5
 40
0.5
 40
1.0
 40
1.0
 40
1.0
 40
1.0
 10
-380.9997
 20
391.0036
 30
0.0
 10
-382.2618
 20
391.0036
 30
0.0
 10
-382.2617
 20
389.1019
 30
0.0
 10
-380.9997
 20
389.1019
 30
0.0
 10
-379.7379
 20
389.1019
 30
0.0
 10
-379.7378
 20
391.0036
 30
0.0
 10
-380.9997
 20
391.0036
 30
0.0
  0
SPLINE
  5
97
330
1F
100
AcDbEntity
  8
Camada 1
 62
     3
370
    20
100
AcDbSpline
210
0.0
220
0.0
230
1.0
 70
    11
 71
     3
 72
    11
 73
     7
 74
     0
 42
0.0000000001
 43
0.0000000001
 40
0.0
 40
0.0
 40
0.0
 40
0.0
 40
0.5
 40
0.5
 40
0.5
 40
1.0
 40
1.0
 40
1.0
 40
1.0
 10
-551.9721
 20
391.0036
 30
0.0
 10
-550.7102
 20
391.0036
 30
0.0
 10
-550.7103
 20
389.1019
 30
0.0
 10
-551.9721
 20
389.1019
 30
0.0
 10
-553.2337
 20
389.1019
 30
0.0
 10
-553.2338
 20
391.0036
 30
0.0
 10
-551.9721
 20
391.0036
 30
0.0
  0
SPLINE
  5
98
330
1F
100
AcDbEntity
  8
Camada 1
 62
     3
370
    20
100
AcDbSpline
210
0.0
220
0.0
230
1.0
 70
    11
 71
     3
 72
    11
 73
     7
 74
     0
 42
0.0000000001
 43
0.0000000001
 40
0.0
 40
0.0
 40
0.0
 40
0.0
 40
0.5
 40
0.5
 40
0.5
 40
1.0
 40
1.0
 40
1.0
 40
1.0
 10
-466.4863
 20
407.0287
 30
0.0
 10
-465.2245
 20
407.0287
 30
0.0
 10
-465.2244
 20
405.128
 30
0.0
 10
-466.4863
 20
405.128
 30
0.0
 10
-467.7482
 20
405.128
 30
0.0
 10
-467.7481
 20
407.0287
 30
0.0
 10
-466.4863
 20
407.0287
 30
0.0
  0
SPLINE
  5
99
330
1F
100
AcDbEntity
  8
Camada 1
 62
     3
370
    20
100
AcDbSpline
210
0.0
220
0.0
230
1.0
 70
    11
 71
     3
 72
    11
 73
     7
 74
     0
 42
0.0000000001
 43
0.0000000001
 40
0.0
 40
0.0
 40
0.0
 40
0.0
 40
0.5
 40
0.5
 40
0.5
 40
1.0
 40
1.0
 40
1.0
 40
1.0
 10
-510.1189
 20
282.1305
 30
0.0
 10
-508.857
 20
282.1305
 30
0.0
 10
-508.8571
 20
280.2298
 30
0.0
 10
-510.1189
 20
280.2298
 30
0.0
 10
-511.3807
 20
280.2298
 30
0.0
 10
-511.3808
 20
282.1305
 30
0.0
 10
-510.1189
 20
282.1305
 30
0.0
  0
SPLINE
  5
9A
330
1F
100
AcDbEntity
  8
Camada 1
 62
     3
370
    20
100
AcDbSpline
210
0.0
220
0.0
230
1.0
 70
    11
 71
     3
 72
    11
 73
     7
 74
     0
 42
0.0000000001
 43
0.0000000001
 40
0.0
 40
0.0
 40
0.0
 40
0.0
 40
0.5
 40
0.5
 40
0.5
 40
1.0
 40
1.0
 40
1.0
 40
1.0
 10
-421.8949
 20
281.1802
 30
0.0
 10
-421.8949
 20
279.9288
 30
0.0
 10
-423.8117
 20
279.9288
 30
0.0
 10
-423.8117
 20
281.1802
 30
0.0
 10
-423.8117
 20
282.4315
 30
0.0
 10
-421.8949
 20
282.4315
 30
0.0
 10
-421.8949
 20
281.1802
 30
0.0
  0
SPLINE
  5
9B
330
1F
100
AcDbEntity
  8
Camada 1
 62
     3
370
    20
100
AcDbSpline
210
0.0
220
0.0
230
1.0
 70
    11
 71
     3
 72
    11
 73
     7
 74
     0
 42
0.0000000001
 43
0.0000000001
 40
0.0
 40
0.0
 40
0.0
 40
0.0
 40
0.5
 40
0.5
 40
0.5
 40
1.0
 40
1.0
 40
1.0
 40
1.0
 10
-581.0032
 20
257.953
 30
0.0
 10
-579.7413
 20
257.953
 30
0.0
 10
-579.7414
 20
256.0523
 30
0.0
 10
-581.0032
 20
256.0523
 30
0.0
 10
-582.265
 20
256.0523
 30
0.0
 10
-582.2651
 20
257.953
 30
0.0
 10
-581.0032
 20
257.953
 30
0.0
  0
SPLINE
  5
9C
330
1F
100
AcDbEntity
  8
Camada 1
 62
     3
370
    20
100
AcDbSpline
210
0.0
220
0.0
230
1.0
 70
    11
 71
     3
 72
    11
 73
     7
 74
     0
 42
0.0000000001
 43
0.0000000001
 40
0.0
 40
0.0
 40
0.0
 40
0.0
 40
0.5
 40
0.5
 40
0.5
 40
1.0
 40
1.0
 40
1.0
 40
1.0
 10
-352.9274
 20
257.0027
 30
0.0
 10
-352.9274
 20
258.254
 30
0.0
 10
-351.0106
 20
258.254
 30
0.0
 10
-351.0106
 20
257.0027
 30
0.0
 10
-351.0106
 20
255.7513
 30
0.0
 10
-352.9274
 20
255.7513
 30
0.0
 10
-352.9274
 20
257.0027
 30
0.0
  0
SPLINE
  5
9D
330
1F
100
AcDbEntity
  8
Camada 1
 62
     3
370
    20
100
AcDbSpline
210
0.0
220
0.0
230
1.0
 70
    11
 71
     3
 72
    11
 73
     7
 74
     0
 42
0.0000000001
 43
0.0000000001
 40
0.0
 40
0.0
 40
0.0
 40
0.0
 40
0.5
 40
0.5
 40
0.5
 40
1.0
 40
1.0
 40
1.0
 40
1.0
 10
-537.6544
 20
443.7487
 30
0.0
 10
-536.3925
 20
443.7487
 30
0.0
 10
-536.3926
 20
441.848
 30
0.0
 10
-537.6544
 20
441.848
 30
0.0
 10
-538.9162
 20
441.848
 30
0.0
 10
-538.9163
 20
443.7487
 30
0.0
 10
-537.6544
 20
443.7487
 30
0.0
  0
SPLINE
  5
9E
330
1F
100
AcDbEntity
  8
Camada 1
 62
     3
370
    20
100
AcDbSpline
210
0.0
220
0.0
230
1.0
 70
    11
 71
     3
 72
    11
 73
     7
 74
     0
 42
0.0000000001
 43
0.0000000001
 40
0.0
 40
0.0
 40
0.0
 40
0.0
 40
0.5
 40
0.5
 40
0.5
 40
1.0
 40
1.0
 40
1.0
 40
1.0
 10
-395.3178
 20
441.848
 30
0.0
 10
-396.5798
 20
441.848
 30
0.0
 10
-396.5799
 20
443.7487
 30
0.0
 10
-395.3178
 20
443.7487
 30
0.0
 10
-394.0559
 20
443.7487
 30
0.0
 10
-394.0559
 20
441.848
 30
0.0
 10
-395.3178
 20
441.848
 30
0.0
  0
SPLINE
  5
9F
330
1F
100
AcDbEntity
  8
Camada 1
370
    20
100
AcDbSpline
210
0.0
220
0.0
230
1.0
 70
    11
 71
     3
 72
   137
 73
   133
 74
     0
 42
0.0000000001
 43
0.0000000001
 40
0.0
 40
0.0
 40
0.0
 40
0.0
 40
0.0227272727272727
 40
0.0227272727272727
 40
0.0227272727272727
 40
0.0454545454545455
 40
0.0454545454545455
 40
0.0454545454545455
 40
0.0681818181818182
 40
0.0681818181818182
 40
0.0681818181818182
 40
0.0909090909090909
 40
0.0909090909090909
 40
0.0909090909090909
 40
0.1136363636363636
 40
0.1136363636363636
 40
0.1136363636363636
 40
0.1363636363636364
 40
0.1363636363636364
 40
0.1363636363636364
 40
0.1590909090909091
 40
0.1590909090909091
 40
0.1590909090909091
 40
0.1818181818181818
 40
0.1818181818181818
 40
0.1818181818181818
 40
0.2045454545454546
 40
0.2045454545454546
 40
0.2045454545454546
 40
0.2272727272727273
 40
0.2272727272727273
 40
0.2272727272727273
 40
0.25
 40
0.25
 40
0.25
 40
0.2727272727272727
 40
0.2727272727272727
 40
0.2727272727272727
 40
0.2954545454545455
 40
0.2954545454545455
 40
0.2954545454545455
 40
0.3181818181818182
 40
0.3181818181818182
 40
0.3181818181818182
 40
0.3409090909090909
 40
0.3409090909090909
 40
0.3409090909090909
 40
0.3636363636363636
 40
0.3636363636363636
 40
0.3636363636363636
 40
0.3863636363636364
 40
0.3863636363636364
 40
0.3863636363636364
 40
0.4090909090909091
 40
0.4090909090909091
 40
0.4090909090909091
 40
0.4318181818181818
 40
0.4318181818181818
 40
0.4318181818181818
 40
0.4545454545454546
 40
0.4545454545454546
 40
0.4545454545454546
 40
0.4772727272727273
 40
0.4772727272727273
 40
0.4772727272727273
 40
0.5
 40
0.5
 40
0.5
 40
0.5227272727272727
 40
0.5227272727272727
 40
0.5227272727272727
 40
0.5454545454545454
 40
0.5454545454545454
 40
0.5454545454545454
 40
0.5681818181818182
 40
0.5681818181818182
 40
0.5681818181818182
 40
0.5909090909090909
 40
0.5909090909090909
 40
0.5909090909090909
 40
0.6136363636363636
 40
0.6136363636363636
 40
0.6136363636363636
 40
0.6363636363636364
 40
0.6363636363636364
 40
0.6363636363636364
 40
0.6590909090909091
 40
0.6590909090909091
 40
0.6590909090909091
 40
0.6818181818181819
 40
0.6818181818181819
 40
0.6818181818181819
 40
0.7045454545454546
 40
0.7045454545454546
 40
0.7045454545454546
 40
0.7272727272727273
 40
0.7272727272727273
 40
0.7272727272727273
 40
0.75
 40
0.75
 40
0.75
 40
0.7727272727272727
 40
0.7727272727272727
 40
0.7727272727272727
 40
0.7954545454545455
 40
0.7954545454545455
 40
0.7954545454545455
 40
0.8181818181818182
 40
0.8181818181818182
 40
0.8181818181818182
 40
0.8409090909090909
 40
0.8409090909090909
 40
0.8409090909090909
 40
0.8636363636363636
 40
0.8636363636363636
 40
0.8636363636363636
 40
0.8863636363636364
 40
0.8863636363636364
 40
0.8863636363636364
 40
0.9090909090909092
 40
0.9090909090909092
 40
0.9090909090909092
 40
0.9318181818181819
 40
0.9318181818181819
 40
0.9318181818181819
 40
0.9545454545454546
 40
0.9545454545454546
 40
0.9545454545454546
 40
0.9772727272727273
 40
0.9772727272727273
 40
0.9772727272727273
 40
1.0
 40
1.0
 40
1.0
 40
1.0
 10
1176.1429
 20
232.5531
 30
0.0
 10
1160.3141
 20
227.6852
 30
0.0
 10
1144.4083
 20
223.6557
 30
0.0
 10
1128.0715
 20
220.8974
 30
0.0
 10
1111.7623
 20
218.1437
 30
0.0
 10
1095.3541
 20
216.6877
 30
0.0
 10
1078.8492
 20
215.7775
 30
0.0
 10
1078.6474
 20
215.7663
 30
0.0
 10
1078.4455
 20
215.7608
 30
0.0
 10
1078.2434
 20
215.7608
 30
0.0
 10
1050.6754
 20
215.7608
 30
0.0
 10
1023.1074
 20
215.7608
 30
0.0
 10
995.5394
 20
215.7608
 30
0.0
 10
995.3374
 20
215.7608
 30
0.0
 10
995.1354
 20
215.7663
 30
0.0
 10
994.9337
 20
215.7775
 30
0.0
 10
978.4287
 20
216.6877
 30
0.0
 10
962.0206
 20
218.1437
 30
0.0
 10
945.7114
 20
220.8973
 30
0.0
 10
929.3746
 20
223.6557
 30
0.0
 10
913.4688
 20
227.6853
 30
0.0
 10
897.6401
 20
232.5531
 30
0.0
 10
889.5035
 20
235.0553
 30
0.0
 10
889.1727
 20
243.1686
 30
0.0
 10
890.4067
 20
250.1738
 30
0.0
 10
894.6868
 20
274.4716
 30
0.0
 10
899.738
 20
298.3755
 30
0.0
 10
905.9298
 20
322.2621
 30
0.0
 10
910.2672
 20
338.9947
 30
0.0
 10
914.7556
 20
355.5613
 30
0.0
 10
918.1418
 20
372.5286
 30
0.0
 10
920.3934
 20
383.8109
 30
0.0
 10
921.9907
 20
395.1455
 30
0.0
 10
923.7995
 20
406.4991
 30
0.0
 10
928.1825
 20
434.0093
 30
0.0
 10
935.5406
 20
465.9344
 30
0.0
 10
946.9132
 20
491.3657
 30
0.0
 10
954.3959
 20
508.0984
 30
0.0
 10
964.9256
 20
525.404
 30
0.0
 10
976.479
 20
539.6329
 30
0.0
 10
991.2663
 20
557.8446
 30
0.0
 10
1009.73
 20
568.2136
 30
0.0
 10
1033.2719
 20
569.8115
 30
0.0
 10
1033.3577
 20
569.8174
 30
0.0
 10
1033.4436
 20
569.8221
 30
0.0
 10
1033.5295
 20
569.8259
 30
0.0
 10
1033.5886
 20
569.8287
 30
0.0
 10
1033.6468
 20
569.8314
 30
0.0
 10
1033.7047
 20
569.8339
 30
0.0
 10
1035.1097
 20
569.9003
 30
0.0
 10
1038.6731
 20
569.9003
 30
0.0
 10
1040.0781
 20
569.8339
 30
0.0
 10
1040.1361
 20
569.8314
 30
0.0
 10
1040.1942
 20
569.8287
 30
0.0
 10
1040.2533
 20
569.8259
 30
0.0
 10
1040.3392
 20
569.8221
 30
0.0
 10
1040.425
 20
569.8174
 30
0.0
 10
1040.5108
 20
569.8115
 30
0.0
 10
1064.0528
 20
568.2136
 30
0.0
 10
1082.5164
 20
557.8447
 30
0.0
 10
1097.3038
 20
539.6329
 30
0.0
 10
1108.8572
 20
525.4039
 30
0.0
 10
1119.3869
 20
508.0984
 30
0.0
 10
1126.8696
 20
491.3657
 30
0.0
 10
1138.2422
 20
465.9344
 30
0.0
 10
1145.6003
 20
434.0093
 30
0.0
 10
1149.9833
 20
406.4991
 30
0.0
 10
1151.7921
 20
395.1455
 30
0.0
 10
1153.3894
 20
383.8109
 30
0.0
 10
1155.641
 20
372.5286
 30
0.0
 10
1159.0272
 20
355.5613
 30
0.0
 10
1163.5157
 20
338.9947
 30
0.0
 10
1167.853
 20
322.2621
 30
0.0
 10
1172.4713
 20
304.4456
 30
0.0
 10
1176.455
 20
286.6195
 30
0.0
 10
1179.9575
 20
268.6277
 30
0.0
 10
1180.0274
 20
268.2689
 30
0.0
 10
1179.9105
 20
267.9264
 30
0.0
 10
1179.6359
 20
267.6852
 30
0.0
 10
1179.6359
 20
267.6852
 30
0.0
 10
1179.0818
 20
267.1986
 30
0.0
 10
1179.0818
 20
267.1986
 30
0.0
 10
1179.0818
 20
267.1986
 30
0.0
 10
1179.0818
 20
267.1986
 30
0.0
 10
1179.0818
 20
267.1986
 30
0.0
 10
1178.8059
 20
266.9563
 30
0.0
 10
1178.6891
 20
266.6115
 30
0.0
 10
1178.7609
 20
266.2514
 30
0.0
 10
1178.8328
 20
265.8913
 30
0.0
 10
1179.073
 20
265.6178
 30
0.0
 10
1179.4208
 20
265.5
 30
0.0
 10
1179.4208
 20
265.5
 30
0.0
 10
1179.4208
 20
265.5
 30
0.0
 10
1179.4208
 20
265.5
 30
0.0
 10
1179.4208
 20
265.5
 30
0.0
 10
1180.0879
 20
265.2741
 30
0.0
 10
1180.0879
 20
265.2741
 30
0.0
 10
1180.4387
 20
265.1553
 30
0.0
 10
1180.6802
 20
264.8777
 30
0.0
 10
1180.7495
 20
264.5139
 30
0.0
 10
1180.9227
 20
263.6042
 30
0.0
 10
1181.0947
 20
262.6938
 30
0.0
 10
1181.2654
 20
261.7831
 30
0.0
 10
1181.3323
 20
261.4262
 30
0.0
 10
1181.2153
 20
261.087
 30
0.0
 10
1180.9425
 20
260.8474
 30
0.0
 10
1180.9425
 20
260.8474
 30
0.0
 10
1180.4381
 20
260.4044
 30
0.0
 10
1180.4381
 20
260.4044
 30
0.0
 10
1180.4381
 20
260.4044
 30
0.0
 10
1180.438
 20
260.4043
 30
0.0
 10
1180.438
 20
260.4043
 30
0.0
 10
1180.1621
 20
260.162
 30
0.0
 10
1180.0454
 20
259.8172
 30
0.0
 10
1180.1173
 20
259.4571
 30
0.0
 10
1180.1892
 20
259.0971
 30
0.0
 10
1180.4294
 20
258.8236
 30
0.0
 10
1180.7771
 20
258.7058
 30
0.0
 10
1180.7771
 20
258.7058
 30
0.0
 10
1180.7772
 20
258.7058
 30
0.0
 10
1180.7772
 20
258.7058
 30
0.0
 10
1180.7772
 20
258.7058
 30
0.0
 10
1181.352
 20
258.5111
 30
0.0
 10
1181.352
 20
258.5111
 30
0.0
 10
1181.7049
 20
258.3916
 30
0.0
 10
1181.9475
 20
258.111
 30
0.0
 10
1182.0148
 20
257.7445
 30
0.0
 10
1182.4772
 20
255.225
 30
0.0
 10
1182.9309
 20
252.7015
 30
0.0
 10
1183.3761
 20
250.1738
 30
0.0
 10
1184.6103
 20
243.1686
 30
0.0
 10
1184.2796
 20
235.0553
 30
0.0
 10
1176.1429
 20
232.5531
 30
0.0
  0
SPLINE
  5
A0
330
1F
100
AcDbEntity
  8
Camada 1
 62
     1
370
    20
100
AcDbSpline
210
0.0
220
0.0
230
1.0
 70
    11
 71
     3
 72
    41
 73
    37
 74
     0
 42
0.0000000001
 43
0.0000000001
 40
0.0
 40
0.0
 40
0.0
 40
0.0
 40
0.0833333333333333
 40
0.0833333333333333
 40
0.0833333333333333
 40
0.1666666666666667
 40
0.1666666666666667
 40
0.1666666666666667
 40
0.25
 40
0.25
 40
0.25
 40
0.3333333333333333
 40
0.3333333333333333
 40
0.3333333333333333
 40
0.4166666666666666
 40
0.4166666666666666
 40
0.4166666666666666
 40
0.5
 40
0.5
 40
0.5
 40
0.5833333333333333
 40
0.5833333333333333
 40
0.5833333333333333
 40
0.6666666666666666
 40
0.6666666666666666
 40
0.6666666666666666
 40
0.75
 40
0.75
 40
0.75
 40
0.8333333333333333
 40
0.8333333333333333
 40
0.8333333333333333
 40
0.9166666666666666
 40
0.9166666666666666
 40
0.9166666666666666
 40
1.0
 40
1.0
 40
1.0
 40
1.0
 10
1113.3013
 20
459.494
 30
0.0
 10
1113.3013
 20
459.494
 30
0.0
 10
1110.694
 20
412.2
 30
0.0
 10
1110.694
 20
412.2
 30
0.0
 10
1110.6731
 20
411.8219
 30
0.0
 10
1110.4609
 20
411.5083
 30
0.0
 10
1110.1176
 20
411.3485
 30
0.0
 10
1109.7743
 20
411.1887
 30
0.0
 10
1109.3977
 20
411.2281
 30
0.0
 10
1109.0949
 20
411.4555
 30
0.0
 10
1109.0949
 20
411.4555
 30
0.0
 10
1100.5183
 20
417.8974
 30
0.0
 10
1100.5183
 20
417.8974
 30
0.0
 10
1100.2889
 20
418.0697
 30
0.0
 10
1100.1557
 20
418.3037
 30
0.0
 10
1100.1247
 20
418.5889
 30
0.0
 10
1100.1247
 20
418.5889
 30
0.0
 10
1096.774
 20
449.4114
 30
0.0
 10
1096.774
 20
449.4114
 30
0.0
 10
1096.7647
 20
449.497
 30
0.0
 10
1096.7479
 20
449.5692
 30
0.0
 10
1096.718
 20
449.65
 30
0.0
 10
1089.2028
 20
469.9681
 30
0.0
 10
1075.4294
 20
496.4791
 30
0.0
 10
1066.7348
 20
517.9643
 30
0.0
 10
1066.5458
 20
518.4317
 30
0.0
 10
1066.7292
 20
518.959
 30
0.0
 10
1067.1674
 20
519.2084
 30
0.0
 10
1067.6058
 20
519.4579
 30
0.0
 10
1068.1533
 20
519.3458
 30
0.0
 10
1068.4584
 20
518.944
 30
0.0
 10
1068.4584
 20
518.944
 30
0.0
 10
1113.0992
 20
460.1538
 30
0.0
 10
1113.0992
 20
460.1538
 30
0.0
 10
1113.2486
 20
459.9571
 30
0.0
 10
1113.3149
 20
459.7407
 30
0.0
 10
1113.3013
 20
459.494
 30
0.0
  0
SPLINE
  5
A1
330
1F
100
AcDbEntity
  8
Camada 1
 62
     1
370
    20
100
AcDbSpline
210
0.0
220
0.0
230
1.0
 70
    11
 71
     3
 72
    38
 73
    34
 74
     0
 42
0.0000000001
 43
0.0000000001
 40
0.0
 40
0.0
 40
0.0
 40
0.0
 40
0.0909090909090909
 40
0.0909090909090909
 40
0.0909090909090909
 40
0.1818181818181818
 40
0.1818181818181818
 40
0.1818181818181818
 40
0.2727272727272727
 40
0.2727272727272727
 40
0.2727272727272727
 40
0.3636363636363636
 40
0.3636363636363636
 40
0.3636363636363636
 40
0.4545454545454546
 40
0.4545454545454546
 40
0.4545454545454546
 40
0.5454545454545454
 40
0.5454545454545454
 40
0.5454545454545454
 40
0.6363636363636364
 40
0.6363636363636364
 40
0.6363636363636364
 40
0.7272727272727273
 40
0.7272727272727273
 40
0.7272727272727273
 40
0.8181818181818182
 40
0.8181818181818182
 40
0.8181818181818182
 40
0.9090909090909092
 40
0.9090909090909092
 40
0.9090909090909092
 40
1.0
 40
1.0
 40
1.0
 40
1.0
 10
1109.2144
 20
385.3588
 30
0.0
 10
1109.2144
 20
385.3588
 30
0.0
 10
1108.5478
 20
373.2676
 30
0.0
 10
1108.5478
 20
373.2676
 30
0.0
 10
1108.5266
 20
372.8834
 30
0.0
 10
1108.3071
 20
372.5652
 30
0.0
 10
1107.9555
 20
372.4089
 30
0.0
 10
1107.6039
 20
372.2526
 30
0.0
 10
1107.2206
 20
372.3029
 30
0.0
 10
1106.9212
 20
372.5446
 30
0.0
 10
1106.9212
 20
372.5446
 30
0.0
 10
1105.2793
 20
373.8699
 30
0.0
 10
1105.2793
 20
373.8699
 30
0.0
 10
1105.0656
 20
374.0424
 30
0.0
 10
1104.943
 20
374.2668
 30
0.0
 10
1104.9133
 20
374.5399
 30
0.0
 10
1104.9133
 20
374.5399
 30
0.0
 10
1103.7735
 20
385.0242
 30
0.0
 10
1103.7735
 20
385.0242
 30
0.0
 10
1103.7432
 20
385.3026
 30
0.0
 10
1103.8183
 20
385.5532
 30
0.0
 10
1103.9967
 20
385.7692
 30
0.0
 10
1104.1751
 20
385.9851
 30
0.0
 10
1104.4071
 20
386.1061
 30
0.0
 10
1104.6862
 20
386.1289
 30
0.0
 10
1104.6862
 20
386.1289
 30
0.0
 10
1108.1345
 20
386.4105
 30
0.0
 10
1108.1345
 20
386.4105
 30
0.0
 10
1108.4328
 20
386.4349
 30
0.0
 10
1108.6992
 20
386.3391
 30
0.0
 10
1108.9136
 20
386.1302
 30
0.0
 10
1109.128
 20
385.9214
 30
0.0
 10
1109.2309
 20
385.6577
 30
0.0
 10
1109.2144
 20
385.3588
 30
0.0
  0
SPLINE
  5
A2
330
1F
100
AcDbEntity
  8
Camada 1
 62
     1
370
    20
100
AcDbSpline
210
0.0
220
0.0
230
1.0
 70
    11
 71
     3
 72
    41
 73
    37
 74
     0
 42
0.0000000001
 43
0.0000000001
 40
0.0
 40
0.0
 40
0.0
 40
0.0
 40
0.0833333333333333
 40
0.0833333333333333
 40
0.0833333333333333
 40
0.1666666666666667
 40
0.1666666666666667
 40
0.1666666666666667
 40
0.25
 40
0.25
 40
0.25
 40
0.3333333333333333
 40
0.3333333333333333
 40
0.3333333333333333
 40
0.4166666666666666
 40
0.4166666666666666
 40
0.4166666666666666
 40
0.5
 40
0.5
 40
0.5
 40
0.5833333333333333
 40
0.5833333333333333
 40
0.5833333333333333
 40
0.6666666666666666
 40
0.6666666666666666
 40
0.6666666666666666
 40
0.75
 40
0.75
 40
0.75
 40
0.8333333333333333
 40
0.8333333333333333
 40
0.8333333333333333
 40
0.9166666666666666
 40
0.9166666666666666
 40
0.9166666666666666
 40
1.0
 40
1.0
 40
1.0
 40
1.0
 10
973.4033
 20
416.1641
 30
0.0
 10
973.4033
 20
416.1641
 30
0.0
 10
964.1391
 20
408.9331
 30
0.0
 10
964.1391
 20
408.9331
 30
0.0
 10
963.8361
 20
408.6966
 30
0.0
 10
963.4527
 20
408.6524
 30
0.0
 10
963.1038
 20
408.8138
 30
0.0
 10
962.755
 20
408.9752
 30
0.0
 10
962.5405
 20
409.2961
 30
0.0
 10
962.5247
 20
409.6802
 30
0.0
 10
962.5247
 20
409.6802
 30
0.0
 10
960.474
 20
459.5018
 30
0.0
 10
960.474
 20
459.5018
 30
0.0
 10
960.464
 20
459.7437
 30
0.0
 10
960.5303
 20
459.9549
 30
0.0
 10
960.6767
 20
460.1477
 30
0.0
 10
960.6767
 20
460.1477
 30
0.0
 10
1005.3169
 20
518.9372
 30
0.0
 10
1005.3169
 20
518.9372
 30
0.0
 10
1005.6221
 20
519.3391
 30
0.0
 10
1006.1699
 20
519.4511
 30
0.0
 10
1006.6084
 20
519.2013
 30
0.0
 10
1007.0466
 20
518.9517
 30
0.0
 10
1007.2298
 20
518.4238
 30
0.0
 10
1007.0402
 20
517.9565
 30
0.0
 10
998.5724
 20
497.0921
 30
0.0
 10
986.0144
 20
473.7397
 30
0.0
 10
978.5168
 20
453.4657
 30
0.0
 10
978.4893
 20
453.3913
 30
0.0
 10
978.4731
 20
453.3252
 30
0.0
 10
978.463
 20
453.2465
 30
0.0
 10
978.463
 20
453.2465
 30
0.0
 10
973.7798
 20
416.8249
 30
0.0
 10
973.7798
 20
416.8249
 30
0.0
 10
973.7449
 20
416.5536
 30
0.0
 10
973.6189
 20
416.3324
 30
0.0
 10
973.4033
 20
416.1641
 30
0.0
  0
SPLINE
  5
A3
330
1F
100
AcDbEntity
  8
Camada 1
 62
     1
370
    20
100
AcDbSpline
210
0.0
220
0.0
230
1.0
 70
    11
 71
     3
 72
    35
 73
    31
 74
     0
 42
0.0000000001
 43
0.0000000001
 40
0.0
 40
0.0
 40
0.0
 40
0.0
 40
0.1
 40
0.1
 40
0.1
 40
0.2
 40
0.2
 40
0.2
 40
0.3
 40
0.3
 40
0.3
 40
0.4
 40
0.4
 40
0.4
 40
0.5
 40
0.5
 40
0.5
 40
0.6000000000000001
 40
0.6000000000000001
 40
0.6000000000000001
 40
0.7000000000000001
 40
0.7000000000000001
 40
0.7000000000000001
 40
0.8
 40
0.8
 40
0.8
 40
0.9
 40
0.9
 40
0.9
 40
1.0
 40
1.0
 40
1.0
 40
1.0
 10
963.8072
 20
388.6805
 30
0.0
 10
963.8072
 20
388.6805
 30
0.0
 10
968.9524
 20
392.6966
 30
0.0
 10
968.9524
 20
392.6966
 30
0.0
 10
969.2788
 20
392.9513
 30
0.0
 10
969.7031
 20
392.9821
 30
0.0
 10
970.0628
 20
392.7771
 30
0.0
 10
970.4225
 20
392.5722
 30
0.0
 10
970.6124
 20
392.1914
 30
0.0
 10
970.5596
 20
391.7808
 30
0.0
 10
970.5596
 20
391.7808
 30
0.0
 10
970.2175
 20
389.1203
 30
0.0
 10
970.2175
 20
389.1203
 30
0.0
 10
970.2035
 20
389.0112
 30
0.0
 10
970.1767
 20
388.9199
 30
0.0
 10
970.1297
 20
388.8204
 30
0.0
 10
970.1297
 20
388.8204
 30
0.0
 10
965.6598
 20
379.3679
 30
0.0
 10
965.6598
 20
379.3679
 30
0.0
 10
965.4605
 20
378.9465
 30
0.0
 10
965.0137
 20
378.7227
 30
0.0
 10
964.5569
 20
378.8154
 30
0.0
 10
964.1
 20
378.9081
 30
0.0
 10
963.7758
 20
379.2885
 30
0.0
 10
963.7566
 20
379.7543
 30
0.0
 10
963.7566
 20
379.7543
 30
0.0
 10
963.4233
 20
387.8511
 30
0.0
 10
963.4233
 20
387.8511
 30
0.0
 10
963.4096
 20
388.1836
 30
0.0
 10
963.5448
 20
388.4757
 30
0.0
 10
963.8072
 20
388.6805
 30
0.0
  0
SPLINE
  5
A4
330
1F
100
AcDbEntity
  8
Camada 1
 62
     1
370
    20
100
AcDbSpline
210
0.0
220
0.0
230
1.0
 70
    11
 71
     3
 72
    77
 73
    73
 74
     0
 42
0.0000000001
 43
0.0000000001
 40
0.0
 40
0.0
 40
0.0
 40
0.0
 40
0.0416666666666667
 40
0.0416666666666667
 40
0.0416666666666667
 40
0.0833333333333333
 40
0.0833333333333333
 40
0.0833333333333333
 40
0.125
 40
0.125
 40
0.125
 40
0.1666666666666667
 40
0.1666666666666667
 40
0.1666666666666667
 40
0.2083333333333333
 40
0.2083333333333333
 40
0.2083333333333333
 40
0.25
 40
0.25
 40
0.25
 40
0.2916666666666666
 40
0.2916666666666666
 40
0.2916666666666666
 40
0.3333333333333333
 40
0.3333333333333333
 40
0.3333333333333333
 40
0.375
 40
0.375
 40
0.375
 40
0.4166666666666666
 40
0.4166666666666666
 40
0.4166666666666666
 40
0.4583333333333333
 40
0.4583333333333333
 40
0.4583333333333333
 40
0.5
 40
0.5
 40
0.5
 40
0.5416666666666666
 40
0.5416666666666666
 40
0.5416666666666666
 40
0.5833333333333333
 40
0.5833333333333333
 40
0.5833333333333333
 40
0.625
 40
0.625
 40
0.625
 40
0.6666666666666666
 40
0.6666666666666666
 40
0.6666666666666666
 40
0.7083333333333333
 40
0.7083333333333333
 40
0.7083333333333333
 40
0.75
 40
0.75
 40
0.75
 40
0.7916666666666666
 40
0.7916666666666666
 40
0.7916666666666666
 40
0.8333333333333333
 40
0.8333333333333333
 40
0.8333333333333333
 40
0.875
 40
0.875
 40
0.875
 40
0.9166666666666666
 40
0.9166666666666666
 40
0.9166666666666666
 40
0.9583333333333333
 40
0.9583333333333333
 40
0.9583333333333333
 40
1.0
 40
1.0
 40
1.0
 40
1.0
 10
993.7649
 20
457.3913
 30
0.0
 10
995.6154
 20
457.0876
 30
0.0
 10
998.3963
 20
456.6285
 30
0.0
 10
999.8665
 20
456.3884
 30
0.0
 10
1000.2918
 20
456.319
 30
0.0
 10
1000.6957
 20
456.5155
 30
0.0
 10
1000.9036
 20
456.8931
 30
0.0
 10
1001.1785
 20
457.3926
 30
0.0
 10
1001.4918
 20
457.9013
 30
0.0
 10
1001.8158
 20
458.3238
 30
0.0
 10
1004.6743
 20
462.0572
 30
0.0
 10
1007.5375
 20
465.7871
 30
0.0
 10
1010.3981
 20
469.5188
 30
0.0
 10
1012.9431
 20
472.8388
 30
0.0
 10
1017.3423
 20
472.5076
 30
0.0
 10
1019.7551
 20
469.9436
 30
0.0
 10
1020.0795
 20
469.5989
 30
0.0
 10
1020.5851
 20
469.5273
 30
0.0
 10
1020.9925
 20
469.7683
 30
0.0
 10
1022.0774
 20
470.4101
 30
0.0
 10
1023.2168
 20
470.966
 30
0.0
 10
1024.4097
 20
471.4322
 30
0.0
 10
1031.7913
 20
474.3171
 30
0.0
 10
1041.9917
 20
474.317
 30
0.0
 10
1049.3733
 20
471.4321
 30
0.0
 10
1050.5565
 20
470.9697
 30
0.0
 10
1051.6872
 20
470.419
 30
0.0
 10
1052.7643
 20
469.7837
 30
0.0
 10
1053.1752
 20
469.5414
 30
0.0
 10
1053.686
 20
469.6172
 30
0.0
 10
1054.0087
 20
469.9686
 30
0.0
 10
1054.6863
 20
470.7063
 30
0.0
 10
1055.5506
 20
471.2686
 30
0.0
 10
1056.571
 20
471.6165
 30
0.0
 10
1059.0669
 20
472.4676
 30
0.0
 10
1061.7866
 20
471.6035
 30
0.0
 10
1063.3847
 20
469.5191
 30
0.0
 10
1066.2458
 20
465.7874
 30
0.0
 10
1069.1088
 20
462.0571
 30
0.0
 10
1071.9674
 20
458.3235
 30
0.0
 10
1072.2914
 20
457.9007
 30
0.0
 10
1072.6047
 20
457.3921
 30
0.0
 10
1072.8797
 20
456.8926
 30
0.0
 10
1073.0872
 20
456.5157
 30
0.0
 10
1073.4897
 20
456.3193
 30
0.0
 10
1073.9145
 20
456.3876
 30
0.0
 10
1075.3856
 20
456.6244
 30
0.0
 10
1078.1729
 20
457.0738
 30
0.0
 10
1080.028
 20
457.3725
 30
0.0
 10
1080.3769
 20
457.4287
 30
0.0
 10
1080.6503
 20
457.6425
 30
0.0
 10
1080.7889
 20
457.9678
 30
0.0
 10
1080.9275
 20
458.293
 30
0.0
 10
1080.8923
 20
458.6382
 30
0.0
 10
1080.6911
 20
458.9289
 30
0.0
 10
1074.4247
 20
467.9651
 30
0.0
 10
1037.7131
 20
520.9023
 30
0.0
 10
1037.7131
 20
520.9023
 30
0.0
 10
1037.5204
 20
521.1802
 30
0.0
 10
1037.2296
 20
521.3324
 30
0.0
 10
1036.8914
 20
521.3324
 30
0.0
 10
1036.5532
 20
521.3324
 30
0.0
 10
1036.2624
 20
521.1802
 30
0.0
 10
1036.0697
 20
520.9023
 30
0.0
 10
1036.0697
 20
520.9023
 30
0.0
 10
999.3635
 20
467.9722
 30
0.0
 10
993.1047
 20
458.9472
 30
0.0
 10
992.9038
 20
458.6569
 30
0.0
 10
992.8685
 20
458.3124
 30
0.0
 10
993.0064
 20
457.9874
 30
0.0
 10
993.1443
 20
457.6625
 30
0.0
 10
993.4166
 20
457.4485
 30
0.0
 10
993.7649
 20
457.3913
 30
0.0
  0
SPLINE
  5
A5
330
1F
100
AcDbEntity
  8
Camada 1
 62
     1
370
    20
100
AcDbSpline
210
0.0
220
0.0
230
1.0
 70
    11
 71
     3
 72
    29
 73
    25
 74
     0
 42
0.0000000001
 43
0.0000000001
 40
0.0
 40
0.0
 40
0.0
 40
0.0
 40
0.125
 40
0.125
 40
0.125
 40
0.25
 40
0.25
 40
0.25
 40
0.375
 40
0.375
 40
0.375
 40
0.5
 40
0.5
 40
0.5
 40
0.625
 40
0.625
 40
0.625
 40
0.75
 40
0.75
 40
0.75
 40
0.875
 40
0.875
 40
0.875
 40
1.0
 40
1.0
 40
1.0
 40
1.0
 10
995.2959
 20
439.2317
 30
0.0
 10
995.2959
 20
439.2317
 30
0.0
 10
985.1256
 20
431.593
 30
0.0
 10
985.1256
 20
431.593
 30
0.0
 10
984.7975
 20
431.3466
 30
0.0
 10
984.3778
 20
431.3218
 30
0.0
 10
984.023
 20
431.5278
 30
0.0
 10
983.6681
 20
431.7339
 30
0.0
 10
983.4816
 20
432.1107
 30
0.0
 10
983.533
 20
432.5178
 30
0.0
 10
983.533
 20
432.5178
 30
0.0
 10
984.9349
 20
443.6313
 30
0.0
 10
984.9349
 20
443.6313
 30
0.0
 10
984.9701
 20
443.9104
 30
0.0
 10
985.1023
 20
444.1377
 30
0.0
 10
985.3275
 20
444.3064
 30
0.0
 10
985.5526
 20
444.4751
 30
0.0
 10
985.8079
 20
444.5381
 30
0.0
 10
986.0857
 20
444.4935
 30
0.0
 10
986.0857
 20
444.4935
 30
0.0
 10
994.3453
 20
443.1662
 30
0.0
 10
994.3453
 20
443.1662
 30
0.0
 10
996.2522
 20
442.8597
 30
0.0
 10
996.8338
 20
440.387
 30
0.0
 10
995.2959
 20
439.2317
 30
0.0
  0
SPLINE
  5
A6
330
1F
100
AcDbEntity
  8
Camada 1
 62
     1
370
    20
100
AcDbSpline
210
0.0
220
0.0
230
1.0
 70
    11
 71
     3
 72
    23
 73
    19
 74
     0
 42
0.0000000001
 43
0.0000000001
 40
0.0
 40
0.0
 40
0.0
 40
0.0
 40
0.1666666666666667
 40
0.1666666666666667
 40
0.1666666666666667
 40
0.3333333333333333
 40
0.3333333333333333
 40
0.3333333333333333
 40
0.5
 40
0.5
 40
0.5
 40
0.6666666666666666
 40
0.6666666666666666
 40
0.6666666666666666
 40
0.8333333333333333
 40
0.8333333333333333
 40
0.8333333333333333
 40
1.0
 40
1.0
 40
1.0
 40
1.0
 10
1083.3942
 20
406.1553
 30
0.0
 10
1084.1927
 20
405.5556
 30
0.0
 10
1083.8386
 20
404.2599
 30
0.0
 10
1082.8364
 20
404.178
 30
0.0
 10
1082.8364
 20
404.178
 30
0.0
 10
1075.3239
 20
403.5643
 30
0.0
 10
1075.3239
 20
403.5643
 30
0.0
 10
1074.6561
 20
403.5098
 30
0.0
 10
1074.1139
 20
404.0635
 30
0.0
 10
1074.1556
 20
404.7289
 30
0.0
 10
1074.1556
 20
404.7289
 30
0.0
 10
1074.5302
 20
410.7035
 30
0.0
 10
1074.5302
 20
410.7035
 30
0.0
 10
1074.5843
 20
411.5661
 30
0.0
 10
1075.5594
 20
412.0395
 30
0.0
 10
1076.2562
 20
411.5163
 30
0.0
 10
1076.2562
 20
411.5163
 30
0.0
 10
1083.3942
 20
406.1553
 30
0.0
 10
1083.3942
 20
406.1553
 30
0.0
  0
SPLINE
  5
A7
330
1F
100
AcDbEntity
  8
Camada 1
 62
     1
370
    20
100
AcDbSpline
210
0.0
220
0.0
230
1.0
 70
    11
 71
     3
 72
    29
 73
    25
 74
     0
 42
0.0000000001
 43
0.0000000001
 40
0.0
 40
0.0
 40
0.0
 40
0.0
 40
0.125
 40
0.125
 40
0.125
 40
0.25
 40
0.25
 40
0.25
 40
0.375
 40
0.375
 40
0.375
 40
0.5
 40
0.5
 40
0.5
 40
0.625
 40
0.625
 40
0.625
 40
0.75
 40
0.75
 40
0.75
 40
0.875
 40
0.875
 40
0.875
 40
1.0
 40
1.0
 40
1.0
 40
1.0
 10
1088.8479
 20
443.6319
 30
0.0
 10
1088.8479
 20
443.6319
 30
0.0
 10
1090.2503
 20
432.5145
 30
0.0
 10
1090.2503
 20
432.5145
 30
0.0
 10
1090.3017
 20
432.1074
 30
0.0
 10
1090.1151
 20
431.7305
 30
0.0
 10
1089.7603
 20
431.5245
 30
0.0
 10
1089.4054
 20
431.3185
 30
0.0
 10
1088.9857
 20
431.3434
 30
0.0
 10
1088.6576
 20
431.5898
 30
0.0
 10
1088.6576
 20
431.5898
 30
0.0
 10
1078.4832
 20
439.2317
 30
0.0
 10
1078.4832
 20
439.2317
 30
0.0
 10
1076.9451
 20
440.3868
 30
0.0
 10
1077.5266
 20
442.8597
 30
0.0
 10
1079.4337
 20
443.1662
 30
0.0
 10
1079.4337
 20
443.1662
 30
0.0
 10
1087.6971
 20
444.4941
 30
0.0
 10
1087.6971
 20
444.4941
 30
0.0
 10
1087.9749
 20
444.5387
 30
0.0
 10
1088.2302
 20
444.4757
 30
0.0
 10
1088.4553
 20
444.307
 30
0.0
 10
1088.6805
 20
444.1384
 30
0.0
 10
1088.8127
 20
443.911
 30
0.0
 10
1088.8479
 20
443.6319
 30
0.0
  0
SPLINE
  5
A8
330
1F
100
AcDbEntity
  8
Camada 1
 62
     1
370
    20
100
AcDbSpline
210
0.0
220
0.0
230
1.0
 70
    11
 71
     3
 72
    29
 73
    25
 74
     0
 42
0.0000000001
 43
0.0000000001
 40
0.0
 40
0.0
 40
0.0
 40
0.0
 40
0.125
 40
0.125
 40
0.125
 40
0.25
 40
0.25
 40
0.25
 40
0.375
 40
0.375
 40
0.375
 40
0.5
 40
0.5
 40
0.5
 40
0.625
 40
0.625
 40
0.625
 40
0.75
 40
0.75
 40
0.75
 40
0.875
 40
0.875
 40
0.875
 40
1.0
 40
1.0
 40
1.0
 40
1.0
 10
1064.6805
 20
511.1216
 30
0.0
 10
1064.6805
 20
511.1216
 30
0.0
 10
1072.2063
 20
485.8021
 30
0.0
 10
1072.2063
 20
485.8021
 30
0.0
 10
1072.3477
 20
485.3263
 30
0.0
 10
1072.1256
 20
484.8274
 30
0.0
 10
1071.6774
 20
484.6141
 30
0.0
 10
1071.2291
 20
484.4009
 30
0.0
 10
1070.7019
 20
484.5433
 30
0.0
 10
1070.422
 20
484.9532
 30
0.0
 10
1070.422
 20
484.9532
 30
0.0
 10
1045.259
 20
521.7988
 30
0.0
 10
1045.259
 20
521.7988
 30
0.0
 10
1044.9989
 20
522.1797
 30
0.0
 10
1045.0277
 20
522.6715
 30
0.0
 10
1045.3306
 20
523.0194
 30
0.0
 10
1045.6335
 20
523.3673
 30
0.0
 10
1046.1166
 20
523.4636
 30
0.0
 10
1046.5297
 20
523.2584
 30
0.0
 10
1053.4329
 20
519.8302
 30
0.0
 10
1057.8191
 20
517.0228
 30
0.0
 10
1064.3596
 20
511.607
 30
0.0
 10
1064.5191
 20
511.475
 30
0.0
 10
1064.6215
 20
511.32
 30
0.0
 10
1064.6805
 20
511.1216
 30
0.0
  0
SPLINE
  5
A9
330
1F
100
AcDbEntity
  8
Camada 1
 62
     1
370
    20
100
AcDbSpline
210
0.0
220
0.0
230
1.0
 70
    11
 71
     3
 72
    29
 73
    25
 74
     0
 42
0.0000000001
 43
0.0000000001
 40
0.0
 40
0.0
 40
0.0
 40
0.0
 40
0.125
 40
0.125
 40
0.125
 40
0.25
 40
0.25
 40
0.25
 40
0.375
 40
0.375
 40
0.375
 40
0.5
 40
0.5
 40
0.5
 40
0.625
 40
0.625
 40
0.625
 40
0.75
 40
0.75
 40
0.75
 40
0.875
 40
0.875
 40
0.875
 40
1.0
 40
1.0
 40
1.0
 40
1.0
 10
1028.5217
 20
521.7988
 30
0.0
 10
1028.5217
 20
521.7988
 30
0.0
 10
1003.3588
 20
484.9533
 30
0.0
 10
1003.3588
 20
484.9533
 30
0.0
 10
1003.0789
 20
484.5434
 30
0.0
 10
1002.5517
 20
484.401
 30
0.0
 10
1002.1035
 20
484.6141
 30
0.0
 10
1001.6552
 20
484.8273
 30
0.0
 10
1001.433
 20
485.3262
 30
0.0
 10
1001.5744
 20
485.8021
 30
0.0
 10
1001.5744
 20
485.8021
 30
0.0
 10
1009.1003
 20
511.1216
 30
0.0
 10
1009.1003
 20
511.1216
 30
0.0
 10
1009.1593
 20
511.32
 30
0.0
 10
1009.2617
 20
511.475
 30
0.0
 10
1009.4212
 20
511.607
 30
0.0
 10
1015.9615
 20
517.0228
 30
0.0
 10
1020.3478
 20
519.8301
 30
0.0
 10
1027.251
 20
523.2584
 30
0.0
 10
1027.6641
 20
523.4636
 30
0.0
 10
1028.1472
 20
523.3673
 30
0.0
 10
1028.4501
 20
523.0194
 30
0.0
 10
1028.7529
 20
522.6715
 30
0.0
 10
1028.7818
 20
522.1797
 30
0.0
 10
1028.5217
 20
521.7988
 30
0.0
  0
SPLINE
  5
AA
330
1F
100
AcDbEntity
  8
Camada 1
 62
     3
370
    20
100
AcDbSpline
210
0.0
220
0.0
230
1.0
 70
    11
 71
     3
 72
    11
 73
     7
 74
     0
 42
0.0000000001
 43
0.0000000001
 40
0.0
 40
0.0
 40
0.0
 40
0.0
 40
0.5
 40
0.5
 40
0.5
 40
1.0
 40
1.0
 40
1.0
 40
1.0
 10
1133.5287
 20
416.6265
 30
0.0
 10
1132.1022
 20
416.6265
 30
0.0
 10
1132.1023
 20
414.4299
 30
0.0
 10
1133.5287
 20
414.4299
 30
0.0
 10
1134.9551
 20
414.4299
 30
0.0
 10
1134.9551
 20
416.6265
 30
0.0
 10
1133.5287
 20
416.6265
 30
0.0
  0
SPLINE
  5
AB
330
1F
100
AcDbEntity
  8
Camada 1
 62
     3
370
    20
100
AcDbSpline
210
0.0
220
0.0
230
1.0
 70
    11
 71
     3
 72
    11
 73
     7
 74
     0
 42
0.0000000001
 43
0.0000000001
 40
0.0
 40
0.0
 40
0.0
 40
0.0
 40
0.5
 40
0.5
 40
0.5
 40
1.0
 40
1.0
 40
1.0
 40
1.0
 10
940.2545
 20
416.6265
 30
0.0
 10
941.6808
 20
416.6265
 30
0.0
 10
941.6808
 20
414.4299
 30
0.0
 10
940.2545
 20
414.4299
 30
0.0
 10
938.8283
 20
414.4299
 30
0.0
 10
938.8283
 20
416.6265
 30
0.0
 10
940.2545
 20
416.6265
 30
0.0
  0
SPLINE
  5
AC
330
1F
100
AcDbEntity
  8
Camada 1
 62
     3
370
    20
100
AcDbSpline
210
0.0
220
0.0
230
1.0
 70
    11
 71
     3
 72
    11
 73
     7
 74
     0
 42
0.0000000001
 43
0.0000000001
 40
0.0
 40
0.0
 40
0.0
 40
0.0
 40
0.5
 40
0.5
 40
0.5
 40
1.0
 40
1.0
 40
1.0
 40
1.0
 10
1036.8912
 20
435.196
 30
0.0
 10
1038.3176
 20
435.196
 30
0.0
 10
1038.3175
 20
432.9975
 30
0.0
 10
1036.8912
 20
432.9975
 30
0.0
 10
1035.4649
 20
432.9975
 30
0.0
 10
1035.4648
 20
435.196
 30
0.0
 10
1036.8912
 20
435.196
 30
0.0
  0
SPLINE
  5
AD
330
1F
100
AcDbEntity
  8
Camada 1
 62
     3
370
    20
100
AcDbSpline
210
0.0
220
0.0
230
1.0
 70
    11
 71
     3
 72
    11
 73
     7
 74
     0
 42
0.0000000001
 43
0.0000000001
 40
0.0
 40
0.0
 40
0.0
 40
0.0
 40
0.5
 40
0.5
 40
0.5
 40
1.0
 40
1.0
 40
1.0
 40
1.0
 10
1036.8912
 20
334.4923
 30
0.0
 10
1038.3175
 20
334.4923
 30
0.0
 10
1038.3176
 20
332.2938
 30
0.0
 10
1036.8912
 20
332.2938
 30
0.0
 10
1035.4648
 20
332.2938
 30
0.0
 10
1035.4649
 20
334.4923
 30
0.0
 10
1036.8912
 20
334.4923
 30
0.0
  0
SPLINE
  5
AE
330
1F
100
AcDbEntity
  8
Camada 1
 62
     3
370
    20
100
AcDbSpline
210
0.0
220
0.0
230
1.0
 70
    11
 71
     3
 72
    11
 73
     7
 74
     0
 42
0.0000000001
 43
0.0000000001
 40
0.0
 40
0.0
 40
0.0
 40
0.0
 40
0.5
 40
0.5
 40
0.5
 40
1.0
 40
1.0
 40
1.0
 40
1.0
 10
987.5652
 20
290.7275
 30
0.0
 10
988.9915
 20
290.7275
 30
0.0
 10
988.9915
 20
288.5289
 30
0.0
 10
987.5652
 20
288.5289
 30
0.0
 10
986.1389
 20
288.5289
 30
0.0
 10
986.1389
 20
290.7275
 30
0.0
 10
987.5652
 20
290.7275
 30
0.0
  0
SPLINE
  5
AF
330
1F
100
AcDbEntity
  8
Camada 1
 62
     3
370
    20
100
AcDbSpline
210
0.0
220
0.0
230
1.0
 70
    11
 71
     3
 72
    11
 73
     7
 74
     0
 42
0.0000000001
 43
0.0000000001
 40
0.0
 40
0.0
 40
0.0
 40
0.0
 40
0.5
 40
0.5
 40
0.5
 40
1.0
 40
1.0
 40
1.0
 40
1.0
 10
1087.3011
 20
289.6282
 30
0.0
 10
1087.3011
 20
288.1807
 30
0.0
 10
1085.1342
 20
288.1806
 30
0.0
 10
1085.1342
 20
289.6282
 30
0.0
 10
1085.1342
 20
291.0758
 30
0.0
 10
1087.3011
 20
291.0757
 30
0.0
 10
1087.3011
 20
289.6282
 30
0.0
  0
SPLINE
  5
B0
330
1F
100
AcDbEntity
  8
Camada 1
 62
     3
370
    20
100
AcDbSpline
210
0.0
220
0.0
230
1.0
 70
    11
 71
     3
 72
    11
 73
     7
 74
     0
 42
0.0000000001
 43
0.0000000001
 40
0.0
 40
0.0
 40
0.0
 40
0.0
 40
0.5
 40
0.5
 40
0.5
 40
1.0
 40
1.0
 40
1.0
 40
1.0
 10
907.4316
 20
262.7615
 30
0.0
 10
908.858
 20
262.7615
 30
0.0
 10
908.8579
 20
260.563
 30
0.0
 10
907.4316
 20
260.563
 30
0.0
 10
906.0052
 20
260.563
 30
0.0
 10
906.0051
 20
262.7615
 30
0.0
 10
907.4316
 20
262.7615
 30
0.0
  0
SPLINE
  5
B1
330
1F
100
AcDbEntity
  8
Camada 1
 62
     3
370
    20
100
AcDbSpline
210
0.0
220
0.0
230
1.0
 70
    11
 71
     3
 72
    11
 73
     7
 74
     0
 42
0.0000000001
 43
0.0000000001
 40
0.0
 40
0.0
 40
0.0
 40
0.0
 40
0.5
 40
0.5
 40
0.5
 40
1.0
 40
1.0
 40
1.0
 40
1.0
 10
1165.2678
 20
261.6623
 30
0.0
 10
1165.2678
 20
263.1097
 30
0.0
 10
1167.4347
 20
263.1098
 30
0.0
 10
1167.4347
 20
261.6623
 30
0.0
 10
1167.4347
 20
260.2147
 30
0.0
 10
1165.2678
 20
260.2148
 30
0.0
 10
1165.2678
 20
261.6623
 30
0.0
  0
SPLINE
  5
B2
330
1F
100
AcDbEntity
  8
Camada 1
 62
     3
370
    20
100
AcDbSpline
210
0.0
220
0.0
230
1.0
 70
    11
 71
     3
 72
    11
 73
     7
 74
     0
 42
0.0000000001
 43
0.0000000001
 40
0.0
 40
0.0
 40
0.0
 40
0.0
 40
0.5
 40
0.5
 40
0.5
 40
1.0
 40
1.0
 40
1.0
 40
1.0
 10
956.4368
 20
477.6698
 30
0.0
 10
957.8631
 20
477.6698
 30
0.0
 10
957.8631
 20
475.4712
 30
0.0
 10
956.4368
 20
475.4712
 30
0.0
 10
955.0104
 20
475.4712
 30
0.0
 10
955.0104
 20
477.6698
 30
0.0
 10
956.4368
 20
477.6698
 30
0.0
  0
SPLINE
  5
B3
330
1F
100
AcDbEntity
  8
Camada 1
 62
     3
370
    20
100
AcDbSpline
210
0.0
220
0.0
230
1.0
 70
    11
 71
     3
 72
    11
 73
     7
 74
     0
 42
0.0000000001
 43
0.0000000001
 40
0.0
 40
0.0
 40
0.0
 40
0.0
 40
0.5
 40
0.5
 40
0.5
 40
1.0
 40
1.0
 40
1.0
 40
1.0
 10
1117.3461
 20
475.4712
 30
0.0
 10
1115.9194
 20
475.4712
 30
0.0
 10
1115.9194
 20
477.6698
 30
0.0
 10
1117.3461
 20
477.6698
 30
0.0
 10
1118.7726
 20
477.6698
 30
0.0
 10
1118.7726
 20
475.4712
 30
0.0
 10
1117.3461
 20
475.4712
 30
0.0
  0
SPLINE
  5
B4
330
1F
100
AcDbEntity
  8
Camada 1
370
    20
100
AcDbSpline
210
0.0
220
0.0
230
1.0
 70
    11
 71
     3
 72
   107
 73
   103
 74
     0
 42
0.0000000001
 43
0.0000000001
 40
0.0
 40
0.0
 40
0.0
 40
0.0
 40
0.0294117647058824
 40
0.0294117647058824
 40
0.0294117647058824
 40
0.0588235294117647
 40
0.0588235294117647
 40
0.0588235294117647
 40
0.0882352941176471
 40
0.0882352941176471
 40
0.0882352941176471
 40
0.1176470588235294
 40
0.1176470588235294
 40
0.1176470588235294
 40
0.1470588235294118
 40
0.1470588235294118
 40
0.1470588235294118
 40
0.1764705882352941
 40
0.1764705882352941
 40
0.1764705882352941
 40
0.2058823529411765
 40
0.2058823529411765
 40
0.2058823529411765
 40
0.2352941176470588
 40
0.2352941176470588
 40
0.2352941176470588
 40
0.2647058823529412
 40
0.2647058823529412
 40
0.2647058823529412
 40
0.2941176470588235
 40
0.2941176470588235
 40
0.2941176470588235
 40
0.3235294117647059
 40
0.3235294117647059
 40
0.3235294117647059
 40
0.3529411764705882
 40
0.3529411764705882
 40
0.3529411764705882
 40
0.3823529411764706
 40
0.3823529411764706
 40
0.3823529411764706
 40
0.4117647058823529
 40
0.4117647058823529
 40
0.4117647058823529
 40
0.4411764705882353
 40
0.4411764705882353
 40
0.4411764705882353
 40
0.4705882352941176
 40
0.4705882352941176
 40
0.4705882352941176
 40
0.5
 40
0.5
 40
0.5
 40
0.5294117647058824
 40
0.5294117647058824
 40
0.5294117647058824
 40
0.5588235294117647
 40
0.5588235294117647
 40
0.5588235294117647
 40
0.5882352941176471
 40
0.5882352941176471
 40
0.5882352941176471
 40
0.6176470588235294
 40
0.6176470588235294
 40
0.6176470588235294
 40
0.6470588235294118
 40
0.6470588235294118
 40
0.6470588235294118
 40
0.6764705882352942
 40
0.6764705882352942
 40
0.6764705882352942
 40
0.7058823529411764
 40
0.7058823529411764
 40
0.7058823529411764
 40
0.7352941176470588
 40
0.7352941176470588
 40
0.7352941176470588
 40
0.7647058823529411
 40
0.7647058823529411
 40
0.7647058823529411
 40
0.7941176470588235
 40
0.7941176470588235
 40
0.7941176470588235
 40
0.8235294117647058
 40
0.8235294117647058
 40
0.8235294117647058
 40
0.8529411764705882
 40
0.8529411764705882
 40
0.8529411764705882
 40
0.8823529411764706
 40
0.8823529411764706
 40
0.8823529411764706
 40
0.9117647058823529
 40
0.9117647058823529
 40
0.9117647058823529
 40
0.9411764705882353
 40
0.9411764705882353
 40
0.9411764705882353
 40
0.9705882352941176
 40
0.9705882352941176
 40
0.9705882352941176
 40
1.0
 40
1.0
 40
1.0
 40
1.0
 10
153.4452
 20
230.9942
 30
0.0
 10
138.8519
 20
226.5768
 30
0.0
 10
124.1897
 20
222.9255
 30
0.0
 10
109.142
 20
220.4258
 30
0.0
 10
94.1027
 20
217.9274
 30
0.0
 10
78.9741
 20
216.6047
 30
0.0
 10
63.7601
 20
215.7771
 30
0.0
 10
63.5611
 20
215.7662
 30
0.0
 10
63.3619
 20
215.7608
 30
0.0
 10
63.1626
 20
215.7608
 30
0.0
 10
37.7162
 20
215.7608
 30
0.0
 10
12.2698
 20
215.7608
 30
0.0
 10
-13.1766
 20
215.7608
 30
0.0
 10
-13.3759
 20
215.7608
 30
0.0
 10
-13.5751
 20
215.7662
 30
0.0
 10
-13.7741
 20
215.7771
 30
0.0
 10
-28.988
 20
216.6047
 30
0.0
 10
-44.1167
 20
217.9274
 30
0.0
 10
-59.1559
 20
220.4257
 30
0.0
 10
-74.2035
 20
222.9255
 30
0.0
 10
-88.8656
 20
226.5768
 30
0.0
 10
-103.4588
 20
230.9941
 30
0.0
 10
-111.0886
 20
233.3034
 30
0.0
 10
-112.1837
 20
241.418
 30
0.0
 10
-110.9695
 20
248.2148
 30
0.0
 10
-107.0148
 20
270.3543
 30
0.0
 10
-102.3489
 20
292.1263
 30
0.0
 10
-96.6316
 20
313.8814
 30
0.0
 10
-92.633
 20
329.0967
 30
0.0
 10
-88.4948
 20
344.1584
 30
0.0
 10
-85.3719
 20
359.5927
 30
0.0
 10
-83.2963
 20
369.8508
 30
0.0
 10
-81.8241
 20
380.1585
 30
0.0
 10
-80.1564
 20
390.4833
 30
0.0
 10
-76.0948
 20
415.6289
 30
0.0
 10
-69.2646
 20
444.8019
 30
0.0
 10
-58.7455
 20
468.0038
 30
0.0
 10
-51.7699
 20
483.3898
 30
0.0
 10
-42.064
 20
499.1117
 30
0.0
 10
-31.3272
 20
512.1546
 30
0.0
 10
-17.4869
 20
528.9675
 30
0.0
 10
-0.2344
 20
538.4467
 30
0.0
 10
21.6083
 20
539.9093
 30
0.0
 10
21.6944
 20
539.915
 30
0.0
 10
21.7805
 20
539.9197
 30
0.0
 10
21.8667
 20
539.9234
 30
0.0
 10
21.9054
 20
539.9252
 30
0.0
 10
21.9435
 20
539.9269
 30
0.0
 10
21.9814
 20
539.9285
 30
0.0
 10
23.3601
 20
539.993
 30
0.0
 10
26.626
 20
539.9931
 30
0.0
 10
28.0046
 20
539.9286
 30
0.0
 10
28.0439
 20
539.9269
 30
0.0
 10
28.0835
 20
539.9252
 30
0.0
 10
28.1237
 20
539.9233
 30
0.0
 10
28.2083
 20
539.9196
 30
0.0
 10
28.2929
 20
539.9149
 30
0.0
 10
28.3775
 20
539.9093
 30
0.0
 10
50.2202
 20
538.4467
 30
0.0
 10
67.4728
 20
528.9676
 30
0.0
 10
81.3132
 20
512.1546
 30
0.0
 10
92.05
 20
499.1117
 30
0.0
 10
101.7559
 20
483.3898
 30
0.0
 10
108.7315
 20
468.0038
 30
0.0
 10
119.2506
 20
444.8019
 30
0.0
 10
126.0808
 20
415.6289
 30
0.0
 10
130.1424
 20
390.4833
 30
0.0
 10
131.8101
 20
380.1585
 30
0.0
 10
133.2823
 20
369.8508
 30
0.0
 10
135.3579
 20
359.5927
 30
0.0
 10
138.4808
 20
344.1584
 30
0.0
 10
142.619
 20
329.0967
 30
0.0
 10
146.6176
 20
313.8814
 30
0.0
 10
151.2209
 20
296.3651
 30
0.0
 10
155.1426
 20
278.8377
 30
0.0
 10
158.5603
 20
261.1166
 30
0.0
 10
158.6297
 20
260.7568
 30
0.0
 10
158.5114
 20
260.4136
 30
0.0
 10
158.235
 20
260.173
 30
0.0
 10
158.235
 20
260.173
 30
0.0
 10
157.7312
 20
259.7343
 30
0.0
 10
157.7312
 20
259.7343
 30
0.0
 10
157.4543
 20
259.4932
 30
0.0
 10
157.3361
 20
259.1488
 30
0.0
 10
157.4065
 20
258.7884
 30
0.0
 10
157.4768
 20
258.4281
 30
0.0
 10
157.7159
 20
258.1535
 30
0.0
 10
158.0632
 20
258.0343
 30
0.0
 10
158.0632
 20
258.0343
 30
0.0
 10
158.0633
 20
258.0343
 30
0.0
 10
158.0633
 20
258.0343
 30
0.0
 10
158.0633
 20
258.0343
 30
0.0
 10
158.6746
 20
257.8244
 30
0.0
 10
158.6746
 20
257.8244
 30
0.0
 10
159.0242
 20
257.7044
 30
0.0
 10
159.2642
 20
257.4268
 30
0.0
 10
159.3326
 20
257.0636
 30
0.0
 10
159.8867
 20
254.12
 30
0.0
 10
160.4275
 20
251.1706
 30
0.0
 10
160.9555
 20
248.2148
 30
0.0
 10
162.1695
 20
241.4181
 30
0.0
 10
161.075
 20
233.3037
 30
0.0
 10
153.4452
 20
230.9942
 30
0.0
  0
SPLINE
  5
B5
330
1F
100
AcDbEntity
  8
Camada 1
 62
     1
370
    20
100
AcDbSpline
210
0.0
220
0.0
230
1.0
 70
    11
 71
     3
 72
    29
 73
    25
 74
     0
 42
0.0000000001
 43
0.0000000001
 40
0.0
 40
0.0
 40
0.0
 40
0.0
 40
0.125
 40
0.125
 40
0.125
 40
0.25
 40
0.25
 40
0.25
 40
0.375
 40
0.375
 40
0.375
 40
0.5
 40
0.5
 40
0.5
 40
0.625
 40
0.625
 40
0.625
 40
0.75
 40
0.75
 40
0.75
 40
0.875
 40
0.875
 40
0.875
 40
1.0
 40
1.0
 40
1.0
 40
1.0
 10
17.0759
 20
495.0245
 30
0.0
 10
17.0759
 20
495.0245
 30
0.0
 10
-5.6805
 20
462.1573
 30
0.0
 10
-5.6805
 20
462.1573
 30
0.0
 10
-5.9628
 20
461.7496
 30
0.0
 10
-6.4901
 20
461.6104
 30
0.0
 10
-6.9368
 20
461.8257
 30
0.0
 10
-7.3836
 20
462.041
 30
0.0
 10
-7.6032
 20
462.5402
 30
0.0
 10
-7.4601
 20
463.0151
 30
0.0
 10
-7.4601
 20
463.0151
 30
0.0
 10
-0.6688
 20
485.5517
 30
0.0
 10
-0.6688
 20
485.5517
 30
0.0
 10
-0.6088
 20
485.751
 30
0.0
 10
-0.5049
 20
485.9063
 30
0.0
 10
-0.3436
 20
486.0379
 30
0.0
 10
5.5926
 20
490.8847
 30
0.0
 10
9.6084
 20
493.4352
 30
0.0
 10
15.8118
 20
496.4908
 30
0.0
 10
16.226
 20
496.6949
 30
0.0
 10
16.7095
 20
496.5965
 30
0.0
 10
17.0111
 20
496.2468
 30
0.0
 10
17.3127
 20
495.897
 30
0.0
 10
17.3388
 20
495.4042
 30
0.0
 10
17.0759
 20
495.0245
 30
0.0
  0
SPLINE
  5
B6
330
1F
100
AcDbEntity
  8
Camada 1
 62
     1
370
    20
100
AcDbSpline
210
0.0
220
0.0
230
1.0
 70
    11
 71
     3
 72
    29
 73
    25
 74
     0
 42
0.0000000001
 43
0.0000000001
 40
0.0
 40
0.0
 40
0.0
 40
0.0
 40
0.125
 40
0.125
 40
0.125
 40
0.25
 40
0.25
 40
0.25
 40
0.375
 40
0.375
 40
0.375
 40
0.5
 40
0.5
 40
0.5
 40
0.625
 40
0.625
 40
0.625
 40
0.75
 40
0.75
 40
0.75
 40
0.875
 40
0.875
 40
0.875
 40
1.0
 40
1.0
 40
1.0
 40
1.0
 10
50.6529
 20
485.5517
 30
0.0
 10
50.6529
 20
485.5517
 30
0.0
 10
57.4442
 20
463.0151
 30
0.0
 10
57.4442
 20
463.0151
 30
0.0
 10
57.5873
 20
462.5403
 30
0.0
 10
57.3677
 20
462.041
 30
0.0
 10
56.9209
 20
461.8257
 30
0.0
 10
56.4742
 20
461.6104
 30
0.0
 10
55.9469
 20
461.7496
 30
0.0
 10
55.6646
 20
462.1573
 30
0.0
 10
55.6646
 20
462.1573
 30
0.0
 10
32.9082
 20
495.0244
 30
0.0
 10
32.9082
 20
495.0244
 30
0.0
 10
32.6453
 20
495.4041
 30
0.0
 10
32.6714
 20
495.8968
 30
0.0
 10
32.973
 20
496.2466
 30
0.0
 10
33.2745
 20
496.5964
 30
0.0
 10
33.7581
 20
496.6948
 30
0.0
 10
34.1724
 20
496.4907
 30
0.0
 10
40.3756
 20
493.4351
 30
0.0
 10
44.3915
 20
490.8847
 30
0.0
 10
50.3278
 20
486.0379
 30
0.0
 10
50.489
 20
485.9063
 30
0.0
 10
50.5929
 20
485.751
 30
0.0
 10
50.6529
 20
485.5517
 30
0.0
  0
SPLINE
  5
B7
330
1F
100
AcDbEntity
  8
Camada 1
 62
     1
370
    20
100
AcDbSpline
210
0.0
220
0.0
230
1.0
 70
    11
 71
     3
 72
    32
 73
    28
 74
     0
 42
0.0000000001
 43
0.0000000001
 40
0.0
 40
0.0
 40
0.0
 40
0.0
 40
0.1111111111111111
 40
0.1111111111111111
 40
0.1111111111111111
 40
0.2222222222222222
 40
0.2222222222222222
 40
0.2222222222222222
 40
0.3333333333333333
 40
0.3333333333333333
 40
0.3333333333333333
 40
0.4444444444444444
 40
0.4444444444444444
 40
0.4444444444444444
 40
0.5555555555555556
 40
0.5555555555555556
 40
0.5555555555555556
 40
0.6666666666666666
 40
0.6666666666666666
 40
0.6666666666666666
 40
0.7777777777777777
 40
0.7777777777777777
 40
0.7777777777777777
 40
0.8888888888888888
 40
0.8888888888888888
 40
0.8888888888888888
 40
1.0
 40
1.0
 40
1.0
 40
1.0
 10
72.9644
 20
424.0427
 30
0.0
 10
72.9644
 20
424.0427
 30
0.0
 10
74.223
 20
414.2015
 30
0.0
 10
74.223
 20
414.2015
 30
0.0
 10
74.275
 20
413.7953
 30
0.0
 10
74.09
 20
413.4189
 30
0.0
 10
73.7367
 20
413.2119
 30
0.0
 10
73.3835
 20
413.0048
 30
0.0
 10
72.9648
 20
413.0274
 30
0.0
 10
72.6358
 20
413.2711
 30
0.0
 10
72.6358
 20
413.2711
 30
0.0
 10
63.3857
 20
420.124
 30
0.0
 10
63.3857
 20
420.124
 30
0.0
 10
62.7245
 20
420.6137
 30
0.0
 10
62.438
 20
421.4075
 30
0.0
 10
62.6336
 20
422.2067
 30
0.0
 10
62.8293
 20
423.006
 30
0.0
 10
63.4504
 20
423.5775
 30
0.0
 10
64.2631
 20
423.7063
 30
0.0
 10
64.2631
 20
423.7063
 30
0.0
 10
71.8159
 20
424.9035
 30
0.0
 10
71.8159
 20
424.9035
 30
0.0
 10
72.0931
 20
424.9474
 30
0.0
 10
72.3476
 20
424.8843
 30
0.0
 10
72.5722
 20
424.716
 30
0.0
 10
72.7968
 20
424.5477
 30
0.0
 10
72.9288
 20
424.3211
 30
0.0
 10
72.9644
 20
424.0427
 30
0.0
  0
SPLINE
  5
B8
330
1F
100
AcDbEntity
  8
Camada 1
 62
     1
370
    20
100
AcDbSpline
210
0.0
220
0.0
230
1.0
 70
    11
 71
     3
 72
    32
 73
    28
 74
     0
 42
0.0000000001
 43
0.0000000001
 40
0.0
 40
0.0
 40
0.0
 40
0.0
 40
0.1111111111111111
 40
0.1111111111111111
 40
0.1111111111111111
 40
0.2222222222222222
 40
0.2222222222222222
 40
0.2222222222222222
 40
0.3333333333333333
 40
0.3333333333333333
 40
0.3333333333333333
 40
0.4444444444444444
 40
0.4444444444444444
 40
0.4444444444444444
 40
0.5555555555555556
 40
0.5555555555555556
 40
0.5555555555555556
 40
0.6666666666666666
 40
0.6666666666666666
 40
0.6666666666666666
 40
0.7777777777777777
 40
0.7777777777777777
 40
0.7777777777777777
 40
0.8888888888888888
 40
0.8888888888888888
 40
0.8888888888888888
 40
1.0
 40
1.0
 40
1.0
 40
1.0
 10
67.919
 20
390.0082
 30
0.0
 10
68.2604
 20
389.7553
 30
0.0
 10
68.4021
 20
389.3382
 30
0.0
 10
68.2852
 20
388.9297
 30
0.0
 10
68.1683
 20
388.5213
 30
0.0
 10
67.8276
 20
388.2421
 30
0.0
 10
67.4041
 20
388.2079
 30
0.0
 10
67.4041
 20
388.2079
 30
0.0
 10
60.4694
 20
387.6492
 30
0.0
 10
60.4694
 20
387.6492
 30
0.0
 10
60.1697
 20
387.625
 30
0.0
 10
59.9022
 20
387.7221
 30
0.0
 10
59.6879
 20
387.9329
 30
0.0
 10
59.4735
 20
388.1436
 30
0.0
 10
59.372
 20
388.4094
 30
0.0
 10
59.391
 20
388.7095
 30
0.0
 10
59.391
 20
388.7095
 30
0.0
 10
59.7368
 20
394.1493
 30
0.0
 10
59.7368
 20
394.1493
 30
0.0
 10
59.7607
 20
394.5247
 30
0.0
 10
59.9724
 20
394.8344
 30
0.0
 10
60.3135
 20
394.9928
 30
0.0
 10
60.6545
 20
395.1513
 30
0.0
 10
61.0278
 20
395.1132
 30
0.0
 10
61.33
 20
394.8894
 30
0.0
 10
61.33
 20
394.8894
 30
0.0
 10
67.919
 20
390.0082
 30
0.0
 10
67.919
 20
390.0082
 30
0.0
  0
SPLINE
  5
B9
330
1F
100
AcDbEntity
  8
Camada 1
 62
     1
370
    20
100
AcDbSpline
210
0.0
220
0.0
230
1.0
 70
    11
 71
     3
 72
    32
 73
    28
 74
     0
 42
0.0000000001
 43
0.0000000001
 40
0.0
 40
0.0
 40
0.0
 40
0.0
 40
0.1111111111111111
 40
0.1111111111111111
 40
0.1111111111111111
 40
0.2222222222222222
 40
0.2222222222222222
 40
0.2222222222222222
 40
0.3333333333333333
 40
0.3333333333333333
 40
0.3333333333333333
 40
0.4444444444444444
 40
0.4444444444444444
 40
0.4444444444444444
 40
0.5555555555555556
 40
0.5555555555555556
 40
0.5555555555555556
 40
0.6666666666666666
 40
0.6666666666666666
 40
0.6666666666666666
 40
0.7777777777777777
 40
0.7777777777777777
 40
0.7777777777777777
 40
0.8888888888888888
 40
0.8888888888888888
 40
0.8888888888888888
 40
1.0
 40
1.0
 40
1.0
 40
1.0
 10
-13.4031
 20
420.124
 30
0.0
 10
-13.4031
 20
420.124
 30
0.0
 10
-22.6493
 20
413.2741
 30
0.0
 10
-22.6493
 20
413.2741
 30
0.0
 10
-22.9783
 20
413.0303
 30
0.0
 10
-23.397
 20
413.0078
 30
0.0
 10
-23.7503
 20
413.2149
 30
0.0
 10
-24.1036
 20
413.4219
 30
0.0
 10
-24.2885
 20
413.7983
 30
0.0
 10
-24.2365
 20
414.2045
 30
0.0
 10
-24.2365
 20
414.2045
 30
0.0
 10
-22.9784
 20
424.0421
 30
0.0
 10
-22.9784
 20
424.0421
 30
0.0
 10
-22.9428
 20
424.3205
 30
0.0
 10
-22.8108
 20
424.5471
 30
0.0
 10
-22.5863
 20
424.7154
 30
0.0
 10
-22.3617
 20
424.8837
 30
0.0
 10
-22.1072
 20
424.9468
 30
0.0
 10
-21.83
 20
424.9029
 30
0.0
 10
-21.83
 20
424.9029
 30
0.0
 10
-14.2806
 20
423.7063
 30
0.0
 10
-14.2806
 20
423.7063
 30
0.0
 10
-13.468
 20
423.5775
 30
0.0
 10
-12.8468
 20
423.006
 30
0.0
 10
-12.6512
 20
422.2067
 30
0.0
 10
-12.4555
 20
421.4076
 30
0.0
 10
-12.742
 20
420.6138
 30
0.0
 10
-13.4031
 20
420.124
 30
0.0
  0
SPLINE
  5
BA
330
1F
100
AcDbEntity
  8
Camada 1
 62
     1
370
    20
100
AcDbSpline
210
0.0
220
0.0
230
1.0
 70
    11
 71
     3
 72
    35
 73
    31
 74
     0
 42
0.0000000001
 43
0.0000000001
 40
0.0
 40
0.0
 40
0.0
 40
0.0
 40
0.1
 40
0.1
 40
0.1
 40
0.2
 40
0.2
 40
0.2
 40
0.3
 40
0.3
 40
0.3
 40
0.4
 40
0.4
 40
0.4
 40
0.5
 40
0.5
 40
0.5
 40
0.6000000000000001
 40
0.6000000000000001
 40
0.6000000000000001
 40
0.7000000000000001
 40
0.7000000000000001
 40
0.7000000000000001
 40
0.8
 40
0.8
 40
0.8
 40
0.9
 40
0.9
 40
0.9
 40
1.0
 40
1.0
 40
1.0
 40
1.0
 10
-42.433
 20
374.126
 30
0.0
 10
-42.433
 20
374.126
 30
0.0
 10
-37.8644
 20
377.6434
 30
0.0
 10
-37.8644
 20
377.6434
 30
0.0
 10
-37.537
 20
377.8954
 30
0.0
 10
-37.1137
 20
377.9238
 30
0.0
 10
-36.7556
 20
377.7178
 30
0.0
 10
-36.3975
 20
377.5117
 30
0.0
 10
-36.2093
 20
377.1314
 30
0.0
 10
-36.2627
 20
376.7217
 30
0.0
 10
-36.2627
 20
376.7217
 30
0.0
 10
-36.5505
 20
374.5139
 30
0.0
 10
-36.5505
 20
374.5139
 30
0.0
 10
-36.5649
 20
374.4035
 30
0.0
 10
-36.5923
 20
374.3113
 30
0.0
 10
-36.6404
 20
374.2109
 30
0.0
 10
-36.6404
 20
374.2109
 30
0.0
 10
-40.6287
 20
365.8919
 30
0.0
 10
-40.6287
 20
365.8919
 30
0.0
 10
-40.8298
 20
365.4725
 30
0.0
 10
-41.2761
 20
365.2511
 30
0.0
 10
-41.7317
 20
365.3447
 30
0.0
 10
-42.1873
 20
365.4382
 30
0.0
 10
-42.5102
 20
365.8178
 30
0.0
 10
-42.5296
 20
366.2825
 30
0.0
 10
-42.5296
 20
366.2825
 30
0.0
 10
-42.8221
 20
373.2919
 30
0.0
 10
-42.8221
 20
373.2919
 30
0.0
 10
-42.8361
 20
373.627
 30
0.0
 10
-42.6987
 20
373.9214
 30
0.0
 10
-42.433
 20
374.126
 30
0.0
  0
SPLINE
  5
BB
330
1F
100
AcDbEntity
  8
Camada 1
 62
     1
370
    20
100
AcDbSpline
210
0.0
220
0.0
230
1.0
 70
    11
 71
     3
 72
    41
 73
    37
 74
     0
 42
0.0000000001
 43
0.0000000001
 40
0.0
 40
0.0
 40
0.0
 40
0.0
 40
0.0833333333333333
 40
0.0833333333333333
 40
0.0833333333333333
 40
0.1666666666666667
 40
0.1666666666666667
 40
0.1666666666666667
 40
0.25
 40
0.25
 40
0.25
 40
0.3333333333333333
 40
0.3333333333333333
 40
0.3333333333333333
 40
0.4166666666666666
 40
0.4166666666666666
 40
0.4166666666666666
 40
0.5
 40
0.5
 40
0.5
 40
0.5833333333333333
 40
0.5833333333333333
 40
0.5833333333333333
 40
0.6666666666666666
 40
0.6666666666666666
 40
0.6666666666666666
 40
0.75
 40
0.75
 40
0.75
 40
0.8333333333333333
 40
0.8333333333333333
 40
0.8333333333333333
 40
0.9166666666666666
 40
0.9166666666666666
 40
0.9166666666666666
 40
1.0
 40
1.0
 40
1.0
 40
1.0
 10
-33.6408
 20
399.0989
 30
0.0
 10
-33.6408
 20
399.0989
 30
0.0
 10
-42.0511
 20
392.6239
 30
0.0
 10
-42.0511
 20
392.6239
 30
0.0
 10
-42.3546
 20
392.3902
 30
0.0
 10
-42.7367
 20
392.348
 30
0.0
 10
-43.0839
 20
392.51
 30
0.0
 10
-43.431
 20
392.6719
 30
0.0
 10
-43.6442
 20
392.9917
 30
0.0
 10
-43.6602
 20
393.3745
 30
0.0
 10
-43.6602
 20
393.3745
 30
0.0
 10
-45.5451
 20
438.5426
 30
0.0
 10
-45.5451
 20
438.5426
 30
0.0
 10
-45.5553
 20
438.7875
 30
0.0
 10
-45.4874
 20
439.0013
 30
0.0
 10
-45.3376
 20
439.1953
 30
0.0
 10
-32.9067
 20
455.2941
 30
0.0
 10
-17.2611
 20
475.7128
 30
0.0
 10
-4.5024
 20
492.252
 30
0.0
 10
-4.1942
 20
492.6515
 30
0.0
 10
-3.6457
 20
492.7593
 30
0.0
 10
-3.2092
 20
492.5063
 30
0.0
 10
-2.7729
 20
492.2534
 30
0.0
 10
-2.5937
 20
491.7244
 30
0.0
 10
-2.7866
 20
491.2585
 30
0.0
 10
-10.5977
 20
472.4041
 30
0.0
 10
-22.0322
 20
451.3754
 30
0.0
 10
-28.8876
 20
433.0946
 30
0.0
 10
-28.9158
 20
433.0194
 30
0.0
 10
-28.9323
 20
432.9525
 30
0.0
 10
-28.9427
 20
432.8729
 30
0.0
 10
-28.9427
 20
432.8729
 30
0.0
 10
-33.2592
 20
399.762
 30
0.0
 10
-33.2592
 20
399.762
 30
0.0
 10
-33.2948
 20
399.489
 30
0.0
 10
-33.4227
 20
399.2668
 30
0.0
 10
-33.6408
 20
399.0989
 30
0.0
  0
SPLINE
  5
BC
330
1F
100
AcDbEntity
  8
Camada 1
 62
     1
370
    20
100
AcDbSpline
210
0.0
220
0.0
230
1.0
 70
    11
 71
     3
 72
    38
 73
    34
 74
     0
 42
0.0000000001
 43
0.0000000001
 40
0.0
 40
0.0
 40
0.0
 40
0.0
 40
0.0909090909090909
 40
0.0909090909090909
 40
0.0909090909090909
 40
0.1818181818181818
 40
0.1818181818181818
 40
0.1818181818181818
 40
0.2727272727272727
 40
0.2727272727272727
 40
0.2727272727272727
 40
0.3636363636363636
 40
0.3636363636363636
 40
0.3636363636363636
 40
0.4545454545454546
 40
0.4545454545454546
 40
0.4545454545454546
 40
0.5454545454545454
 40
0.5454545454545454
 40
0.5454545454545454
 40
0.6363636363636364
 40
0.6363636363636364
 40
0.6363636363636364
 40
0.7272727272727273
 40
0.7272727272727273
 40
0.7272727272727273
 40
0.8181818181818182
 40
0.8181818181818182
 40
0.8181818181818182
 40
0.9090909090909092
 40
0.9090909090909092
 40
0.9090909090909092
 40
1.0
 40
1.0
 40
1.0
 40
1.0
 10
91.7474
 20
370.9712
 30
0.0
 10
91.7474
 20
370.9712
 30
0.0
 10
91.1466
 20
360.2209
 30
0.0
 10
91.1466
 20
360.2209
 30
0.0
 10
91.1252
 20
359.838
 30
0.0
 10
90.907
 20
359.521
 30
0.0
 10
90.557
 20
359.3642
 30
0.0
 10
90.2071
 20
359.2074
 30
0.0
 10
89.8252
 20
359.2555
 30
0.0
 10
89.5252
 20
359.4944
 30
0.0
 10
89.5252
 20
359.4944
 30
0.0
 10
88.1496
 20
360.5897
 30
0.0
 10
88.1496
 20
360.5897
 30
0.0
 10
87.9333
 20
360.7619
 30
0.0
 10
87.8088
 20
360.9876
 30
0.0
 10
87.7785
 20
361.2625
 30
0.0
 10
87.7785
 20
361.2625
 30
0.0
 10
86.7411
 20
370.6747
 30
0.0
 10
86.7411
 20
370.6747
 30
0.0
 10
86.7104
 20
370.9536
 30
0.0
 10
86.7854
 20
371.2047
 30
0.0
 10
86.9641
 20
371.421
 30
0.0
 10
87.1427
 20
371.6373
 30
0.0
 10
87.3752
 20
371.7585
 30
0.0
 10
87.6548
 20
371.781
 30
0.0
 10
87.6548
 20
371.781
 30
0.0
 10
90.6687
 20
372.0238
 30
0.0
 10
90.6687
 20
372.0238
 30
0.0
 10
90.967
 20
372.0478
 30
0.0
 10
91.2331
 20
371.9517
 30
0.0
 10
91.4473
 20
371.7427
 30
0.0
 10
91.6615
 20
371.5337
 30
0.0
 10
91.7641
 20
371.27
 30
0.0
 10
91.7474
 20
370.9712
 30
0.0
  0
SPLINE
  5
BD
330
1F
100
AcDbEntity
  8
Camada 1
 62
     1
370
    20
100
AcDbSpline
210
0.0
220
0.0
230
1.0
 70
    11
 71
     3
 72
    41
 73
    37
 74
     0
 42
0.0000000001
 43
0.0000000001
 40
0.0
 40
0.0
 40
0.0
 40
0.0
 40
0.0833333333333333
 40
0.0833333333333333
 40
0.0833333333333333
 40
0.1666666666666667
 40
0.1666666666666667
 40
0.1666666666666667
 40
0.25
 40
0.25
 40
0.25
 40
0.3333333333333333
 40
0.3333333333333333
 40
0.3333333333333333
 40
0.4166666666666666
 40
0.4166666666666666
 40
0.4166666666666666
 40
0.5
 40
0.5
 40
0.5
 40
0.5833333333333333
 40
0.5833333333333333
 40
0.5833333333333333
 40
0.6666666666666666
 40
0.6666666666666666
 40
0.6666666666666666
 40
0.75
 40
0.75
 40
0.75
 40
0.8333333333333333
 40
0.8333333333333333
 40
0.8333333333333333
 40
0.9166666666666666
 40
0.9166666666666666
 40
0.9166666666666666
 40
1.0
 40
1.0
 40
1.0
 40
1.0
 10
95.5236
 20
438.5347
 30
0.0
 10
95.5236
 20
438.5347
 30
0.0
 10
93.1274
 20
395.6627
 30
0.0
 10
93.1274
 20
395.6627
 30
0.0
 10
93.1064
 20
395.2859
 30
0.0
 10
92.8954
 20
394.9735
 30
0.0
 10
92.5537
 20
394.8132
 30
0.0
 10
92.2121
 20
394.6529
 30
0.0
 10
91.8369
 20
394.6903
 30
0.0
 10
91.5337
 20
394.9149
 30
0.0
 10
91.5337
 20
394.9149
 30
0.0
 10
83.7568
 20
400.6765
 30
0.0
 10
83.7568
 20
400.6765
 30
0.0
 10
83.5248
 20
400.8484
 30
0.0
 10
83.3897
 20
401.0834
 30
0.0
 10
83.3581
 20
401.3704
 30
0.0
 10
83.3581
 20
401.3704
 30
0.0
 10
80.271
 20
429.38
 30
0.0
 10
80.271
 20
429.38
 30
0.0
 10
80.2614
 20
429.4667
 30
0.0
 10
80.2442
 20
429.5397
 30
0.0
 10
80.2136
 20
429.6214
 30
0.0
 10
73.3392
 20
447.9491
 30
0.0
 10
60.7985
 20
471.8076
 30
0.0
 10
52.7636
 20
491.2682
 30
0.0
 10
52.5714
 20
491.7342
 30
0.0
 10
52.7509
 20
492.2625
 30
0.0
 10
53.1871
 20
492.5151
 30
0.0
 10
53.6236
 20
492.7678
 30
0.0
 10
54.1718
 20
492.6599
 30
0.0
 10
54.4799
 20
492.2606
 30
0.0
 10
67.238
 20
475.7221
 30
0.0
 10
82.8844
 20
455.3022
 30
0.0
 10
95.3168
 20
439.2016
 30
0.0
 10
95.4696
 20
439.0036
 30
0.0
 10
95.5376
 20
438.7844
 30
0.0
 10
95.5236
 20
438.5347
 30
0.0
  0
SPLINE
  5
BE
330
1F
100
AcDbEntity
  8
Camada 1
 62
     1
370
    20
100
AcDbSpline
210
0.0
220
0.0
230
1.0
 70
    11
 71
     3
 72
    80
 73
    76
 74
     0
 42
0.0000000001
 43
0.0000000001
 40
0.0
 40
0.0
 40
0.0
 40
0.0
 40
0.04
 40
0.04
 40
0.04
 40
0.08
 40
0.08
 40
0.08
 40
0.12
 40
0.12
 40
0.12
 40
0.16
 40
0.16
 40
0.16
 40
0.2
 40
0.2
 40
0.2
 40
0.24
 40
0.24
 40
0.24
 40
0.28
 40
0.28
 40
0.28
 40
0.32
 40
0.32
 40
0.32
 40
0.36
 40
0.36
 40
0.36
 40
0.4
 40
0.4
 40
0.4
 40
0.44
 40
0.44
 40
0.44
 40
0.48
 40
0.48
 40
0.48
 40
0.52
 40
0.52
 40
0.52
 40
0.56
 40
0.56
 40
0.56
 40
0.6
 40
0.6
 40
0.6
 40
0.64
 40
0.64
 40
0.64
 40
0.68
 40
0.68
 40
0.68
 40
0.72
 40
0.72
 40
0.72
 40
0.76
 40
0.76
 40
0.76
 40
0.8
 40
0.8
 40
0.8
 40
0.84
 40
0.84
 40
0.84
 40
0.88
 40
0.88
 40
0.88
 40
0.92
 40
0.92
 40
0.92
 40
0.96
 40
0.96
 40
0.96
 40
1.0
 40
1.0
 40
1.0
 40
1.0
 10
65.0919
 20
438.53
 30
0.0
 10
65.0919
 20
438.53
 30
0.0
 10
25.8108
 20
494.4
 30
0.0
 10
25.8108
 20
494.4
 30
0.0
 10
25.6176
 20
494.6747
 30
0.0
 10
25.3288
 20
494.8247
 30
0.0
 10
24.9929
 20
494.8248
 30
0.0
 10
24.6571
 20
494.8249
 30
0.0
 10
24.3682
 20
494.6749
 30
0.0
 10
24.1749
 20
494.4002
 30
0.0
 10
24.1749
 20
494.4002
 30
0.0
 10
-15.1296
 20
438.534
 30
0.0
 10
-15.1296
 20
438.534
 30
0.0
 10
-15.3336
 20
438.2441
 30
0.0
 10
-15.371
 20
437.8979
 30
0.0
 10
-15.2336
 20
437.5711
 30
0.0
 10
-15.0963
 20
437.2443
 30
0.0
 10
-14.8228
 20
437.0288
 30
0.0
 10
-14.473
 20
436.9717
 30
0.0
 10
-14.473
 20
436.9717
 30
0.0
 10
-9.3763
 20
436.1391
 30
0.0
 10
-9.3763
 20
436.1391
 30
0.0
 10
-8.9618
 20
436.0714
 30
0.0
 10
-8.5688
 20
436.2549
 30
0.0
 10
-8.3547
 20
436.6163
 30
0.0
 10
-8.1482
 20
436.9651
 30
0.0
 10
-7.9281
 20
437.3035
 30
0.0
 10
-7.6946
 20
437.6407
 30
0.0
 10
-7.6946
 20
437.6407
 30
0.0
 10
0.3097
 20
447.9391
 30
0.0
 10
0.3097
 20
447.9391
 30
0.0
 10
1.8691
 20
449.9454
 30
0.0
 10
4.4945
 20
450.7671
 30
0.0
 10
6.9108
 20
449.9543
 30
0.0
 10
7.8013
 20
449.6547
 30
0.0
 10
8.582
 20
449.1649
 30
0.0
 10
9.2184
 20
448.5382
 30
0.0
 10
9.5416
 20
448.2199
 30
0.0
 10
10.019
 20
448.1571
 30
0.0
 10
10.4135
 20
448.381
 30
0.0
 10
11.3592
 20
448.9175
 30
0.0
 10
12.3475
 20
449.3856
 30
0.0
 10
13.3766
 20
449.7824
 30
0.0
 10
20.2526
 20
452.433
 30
0.0
 10
29.7336
 20
452.433
 30
0.0
 10
36.6095
 20
449.7823
 30
0.0
 10
37.6385
 20
449.3856
 30
0.0
 10
38.6265
 20
448.9177
 30
0.0
 10
39.572
 20
448.3813
 30
0.0
 10
39.9665
 20
448.1575
 30
0.0
 10
40.4437
 20
448.2202
 30
0.0
 10
40.7669
 20
448.5384
 30
0.0
 10
41.4033
 20
449.1648
 30
0.0
 10
42.1842
 20
449.6545
 30
0.0
 10
43.0755
 20
449.9543
 30
0.0
 10
45.4877
 20
450.7656
 30
0.0
 10
48.1197
 20
449.9421
 30
0.0
 10
49.6766
 20
447.9391
 30
0.0
 10
49.6766
 20
447.9391
 30
0.0
 10
57.6805
 20
437.6409
 30
0.0
 10
57.6805
 20
437.6409
 30
0.0
 10
57.9144
 20
437.3036
 30
0.0
 10
58.1346
 20
436.9647
 30
0.0
 10
58.3414
 20
436.6156
 30
0.0
 10
58.5553
 20
436.2544
 30
0.0
 10
58.9479
 20
436.0709
 30
0.0
 10
59.3622
 20
436.1382
 30
0.0
 10
60.5799
 20
436.3362
 30
0.0
 10
62.8531
 20
436.7096
 30
0.0
 10
64.4352
 20
436.968
 30
0.0
 10
64.785
 20
437.0251
 30
0.0
 10
65.0583
 20
437.2406
 30
0.0
 10
65.1957
 20
437.5673
 30
0.0
 10
65.3331
 20
437.894
 30
0.0
 10
65.2957
 20
438.2401
 30
0.0
 10
65.0919
 20
438.53
 30
0.0
  0
SPLINE
  5
BF
330
1F
100
AcDbEntity
  8
Camada 1
 62
     3
370
    20
100
AcDbSpline
210
0.0
220
0.0
230
1.0
 70
    11
 71
     3
 72
    17
 73
    13
 74
     0
 42
0.0000000001
 43
0.0000000001
 40
0.0
 40
0.0
 40
0.0
 40
0.0
 40
0.25
 40
0.25
 40
0.25
 40
0.5
 40
0.5
 40
0.5
 40
0.75
 40
0.75
 40
0.75
 40
1.0
 40
1.0
 40
1.0
 40
1.0
 10
24.993
 20
324.8066
 30
0.0
 10
25.5453
 20
324.8066
 30
0.0
 10
25.993
 20
324.3589
 30
0.0
 10
25.993
 20
323.8066
 30
0.0
 10
25.993
 20
323.2543
 30
0.0
 10
25.5453
 20
322.8066
 30
0.0
 10
24.993
 20
322.8066
 30
0.0
 10
24.4407
 20
322.8066
 30
0.0
 10
23.993
 20
323.2543
 30
0.0
 10
23.993
 20
323.8066
 30
0.0
 10
23.993
 20
324.3589
 30
0.0
 10
24.4407
 20
324.8066
 30
0.0
 10
24.993
 20
324.8066
 30
0.0
  0
SPLINE
  5
C0
330
1F
100
AcDbEntity
  8
Camada 1
 62
     3
370
    20
100
AcDbSpline
210
0.0
220
0.0
230
1.0
 70
    11
 71
     3
 72
    17
 73
    13
 74
     0
 42
0.0000000001
 43
0.0000000001
 40
0.0
 40
0.0
 40
0.0
 40
0.0
 40
0.25
 40
0.25
 40
0.25
 40
0.5
 40
0.5
 40
0.5
 40
0.75
 40
0.75
 40
0.75
 40
1.0
 40
1.0
 40
1.0
 40
1.0
 10
-20.5348
 20
284.9942
 30
0.0
 10
-19.9825
 20
284.9942
 30
0.0
 10
-19.5348
 20
284.5465
 30
0.0
 10
-19.5348
 20
283.9942
 30
0.0
 10
-19.5348
 20
283.4419
 30
0.0
 10
-19.9825
 20
282.9942
 30
0.0
 10
-20.5348
 20
282.9942
 30
0.0
 10
-21.0871
 20
282.9942
 30
0.0
 10
-21.5348
 20
283.4419
 30
0.0
 10
-21.5348
 20
283.9942
 30
0.0
 10
-21.5348
 20
284.5465
 30
0.0
 10
-21.0871
 20
284.9942
 30
0.0
 10
-20.5348
 20
284.9942
 30
0.0
  0
SPLINE
  5
C1
330
1F
100
AcDbEntity
  8
Camada 1
 62
     3
370
    20
100
AcDbSpline
210
0.0
220
0.0
230
1.0
 70
    11
 71
     3
 72
    17
 73
    13
 74
     0
 42
0.0000000001
 43
0.0000000001
 40
0.0
 40
0.0
 40
0.0
 40
0.0
 40
0.25
 40
0.25
 40
0.25
 40
0.5
 40
0.5
 40
0.5
 40
0.75
 40
0.75
 40
0.75
 40
1.0
 40
1.0
 40
1.0
 40
1.0
 10
70.5212
 20
284.9942
 30
0.0
 10
69.9685
 20
284.9942
 30
0.0
 10
69.5212
 20
284.5469
 30
0.0
 10
69.5212
 20
283.9942
 30
0.0
 10
69.5212
 20
283.4415
 30
0.0
 10
69.9685
 20
282.9942
 30
0.0
 10
70.5212
 20
282.9942
 30
0.0
 10
71.0739
 20
282.9942
 30
0.0
 10
71.5212
 20
283.4415
 30
0.0
 10
71.5212
 20
283.9942
 30
0.0
 10
71.5212
 20
284.5469
 30
0.0
 10
71.0739
 20
284.9942
 30
0.0
 10
70.5212
 20
284.9942
 30
0.0
  0
SPLINE
  5
C2
330
1F
100
AcDbEntity
  8
Camada 1
 62
     3
370
    20
100
AcDbSpline
210
0.0
220
0.0
230
1.0
 70
    11
 71
     3
 72
    17
 73
    13
 74
     0
 42
0.0000000001
 43
0.0000000001
 40
0.0
 40
0.0
 40
0.0
 40
0.0
 40
0.25
 40
0.25
 40
0.25
 40
0.5
 40
0.5
 40
0.5
 40
0.75
 40
0.75
 40
0.75
 40
1.0
 40
1.0
 40
1.0
 40
1.0
 10
-94.498
 20
259.5539
 30
0.0
 10
-93.9457
 20
259.5539
 30
0.0
 10
-93.498
 20
259.1062
 30
0.0
 10
-93.498
 20
258.5539
 30
0.0
 10
-93.498
 20
258.0016
 30
0.0
 10
-93.9457
 20
257.5539
 30
0.0
 10
-94.498
 20
257.5539
 30
0.0
 10
-95.0503
 20
257.5539
 30
0.0
 10
-95.498
 20
258.0016
 30
0.0
 10
-95.498
 20
258.5539
 30
0.0
 10
-95.498
 20
259.1062
 30
0.0
 10
-95.0503
 20
259.5539
 30
0.0
 10
-94.498
 20
259.5539
 30
0.0
  0
SPLINE
  5
C3
330
1F
100
AcDbEntity
  8
Camada 1
 62
     3
370
    20
100
AcDbSpline
210
0.0
220
0.0
230
1.0
 70
    11
 71
     3
 72
    17
 73
    13
 74
     0
 42
0.0000000001
 43
0.0000000001
 40
0.0
 40
0.0
 40
0.0
 40
0.0
 40
0.25
 40
0.25
 40
0.25
 40
0.5
 40
0.5
 40
0.5
 40
0.75
 40
0.75
 40
0.75
 40
1.0
 40
1.0
 40
1.0
 40
1.0
 10
-49.2663
 20
455.0536
 30
0.0
 10
-48.714
 20
455.0536
 30
0.0
 10
-48.2663
 20
454.6059
 30
0.0
 10
-48.2663
 20
454.0536
 30
0.0
 10
-48.2663
 20
453.5013
 30
0.0
 10
-48.714
 20
453.0536
 30
0.0
 10
-49.2663
 20
453.0536
 30
0.0
 10
-49.8186
 20
453.0536
 30
0.0
 10
-50.2663
 20
453.5013
 30
0.0
 10
-50.2663
 20
454.0536
 30
0.0
 10
-50.2663
 20
454.6059
 30
0.0
 10
-49.8186
 20
455.0536
 30
0.0
 10
-49.2663
 20
455.0536
 30
0.0
  0
SPLINE
  5
C4
330
1F
100
AcDbEntity
  8
Camada 1
 62
     3
370
    20
100
AcDbSpline
210
0.0
220
0.0
230
1.0
 70
    11
 71
     3
 72
    17
 73
    13
 74
     0
 42
0.0000000001
 43
0.0000000001
 40
0.0
 40
0.0
 40
0.0
 40
0.0
 40
0.25
 40
0.25
 40
0.25
 40
0.5
 40
0.5
 40
0.5
 40
0.75
 40
0.75
 40
0.75
 40
1.0
 40
1.0
 40
1.0
 40
1.0
 10
144.4844
 20
259.5539
 30
0.0
 10
143.9317
 20
259.5539
 30
0.0
 10
143.4844
 20
259.1066
 30
0.0
 10
143.4844
 20
258.5539
 30
0.0
 10
143.4844
 20
258.0012
 30
0.0
 10
143.9317
 20
257.5539
 30
0.0
 10
144.4844
 20
257.5539
 30
0.0
 10
145.0371
 20
257.5539
 30
0.0
 10
145.4844
 20
258.0012
 30
0.0
 10
145.4844
 20
258.5539
 30
0.0
 10
145.4844
 20
259.1066
 30
0.0
 10
145.0371
 20
259.5539
 30
0.0
 10
144.4844
 20
259.5539
 30
0.0
  0
SPLINE
  5
C5
330
1F
100
AcDbEntity
  8
Camada 1
 62
     3
370
    20
100
AcDbSpline
210
0.0
220
0.0
230
1.0
 70
    11
 71
     3
 72
    17
 73
    13
 74
     0
 42
0.0000000001
 43
0.0000000001
 40
0.0
 40
0.0
 40
0.0
 40
0.0
 40
0.25
 40
0.25
 40
0.25
 40
0.5
 40
0.5
 40
0.5
 40
0.75
 40
0.75
 40
0.75
 40
1.0
 40
1.0
 40
1.0
 40
1.0
 10
99.2527
 20
455.0536
 30
0.0
 10
98.7
 20
455.0536
 30
0.0
 10
98.2527
 20
454.6063
 30
0.0
 10
98.2527
 20
454.0536
 30
0.0
 10
98.2527
 20
453.5009
 30
0.0
 10
98.7
 20
453.0536
 30
0.0
 10
99.2527
 20
453.0536
 30
0.0
 10
99.8054
 20
453.0536
 30
0.0
 10
100.2527
 20
453.5009
 30
0.0
 10
100.2527
 20
454.0536
 30
0.0
 10
100.2527
 20
454.6063
 30
0.0
 10
99.8054
 20
455.0536
 30
0.0
 10
99.2527
 20
455.0536
 30
0.0
  0
SPLINE
  5
C6
330
1F
100
AcDbEntity
  8
Camada 1
 62
     3
370
    20
100
AcDbSpline
210
0.0
220
0.0
230
1.0
 70
    11
 71
     3
 72
    17
 73
    13
 74
     0
 42
0.0000000001
 43
0.0000000001
 40
0.0
 40
0.0
 40
0.0
 40
0.0
 40
0.25
 40
0.25
 40
0.25
 40
0.5
 40
0.5
 40
0.5
 40
0.75
 40
0.75
 40
0.75
 40
1.0
 40
1.0
 40
1.0
 40
1.0
 10
24.993
 20
416.4157
 30
0.0
 10
25.5453
 20
416.4157
 30
0.0
 10
25.993
 20
415.968
 30
0.0
 10
25.993
 20
415.4157
 30
0.0
 10
25.993
 20
414.8634
 30
0.0
 10
25.5453
 20
414.4157
 30
0.0
 10
24.993
 20
414.4157
 30
0.0
 10
24.4407
 20
414.4157
 30
0.0
 10
23.993
 20
414.8634
 30
0.0
 10
23.993
 20
415.4157
 30
0.0
 10
23.993
 20
415.968
 30
0.0
 10
24.4407
 20
416.4157
 30
0.0
 10
24.993
 20
416.4157
 30
0.0
  0
SPLINE
  5
C7
330
1F
100
AcDbEntity
  8
Camada 1
 62
     3
370
    20
100
AcDbSpline
210
0.0
220
0.0
230
1.0
 70
    11
 71
     3
 72
    17
 73
    13
 74
     0
 42
0.0000000001
 43
0.0000000001
 40
0.0
 40
0.0
 40
0.0
 40
0.0
 40
0.25
 40
0.25
 40
0.25
 40
0.5
 40
0.5
 40
0.5
 40
0.75
 40
0.75
 40
0.75
 40
1.0
 40
1.0
 40
1.0
 40
1.0
 10
-64.2109
 20
399.5422
 30
0.0
 10
-63.6586
 20
399.5422
 30
0.0
 10
-63.2109
 20
399.0945
 30
0.0
 10
-63.2109
 20
398.5422
 30
0.0
 10
-63.2109
 20
397.9899
 30
0.0
 10
-63.6586
 20
397.5422
 30
0.0
 10
-64.2109
 20
397.5422
 30
0.0
 10
-64.7632
 20
397.5422
 30
0.0
 10
-65.2109
 20
397.9899
 30
0.0
 10
-65.2109
 20
398.5422
 30
0.0
 10
-65.2109
 20
399.0945
 30
0.0
 10
-64.7632
 20
399.5422
 30
0.0
 10
-64.2109
 20
399.5422
 30
0.0
  0
SPLINE
  5
C8
330
1F
100
AcDbEntity
  8
Camada 1
 62
     3
370
    20
100
AcDbSpline
210
0.0
220
0.0
230
1.0
 70
    11
 71
     3
 72
    17
 73
    13
 74
     0
 42
0.0000000001
 43
0.0000000001
 40
0.0
 40
0.0
 40
0.0
 40
0.0
 40
0.25
 40
0.25
 40
0.25
 40
0.5
 40
0.5
 40
0.5
 40
0.75
 40
0.75
 40
0.75
 40
1.0
 40
1.0
 40
1.0
 40
1.0
 10
114.1973
 20
399.5422
 30
0.0
 10
113.6446
 20
399.5422
 30
0.0
 10
113.1973
 20
399.0949
 30
0.0
 10
113.1973
 20
398.5422
 30
0.0
 10
113.1973
 20
397.9895
 30
0.0
 10
113.6446
 20
397.5422
 30
0.0
 10
114.1973
 20
397.5422
 30
0.0
 10
114.75
 20
397.5422
 30
0.0
 10
115.1973
 20
397.9895
 30
0.0
 10
115.1973
 20
398.5422
 30
0.0
 10
115.1973
 20
399.0949
 30
0.0
 10
114.75
 20
399.5422
 30
0.0
 10
114.1973
 20
399.5422
 30
0.0
  0
ENDSEC
  0
SECTION
  2
OBJECTS
  0
DICTIONARY
  5
C
330
0
100
AcDbDictionary
281
     1
  3
ACAD_DETAILVIEWSTYLE
350
D0
  3
ACAD_GROUP
350
D
  3
ACAD_LAYOUT
350
1A
  3
ACAD_MATERIAL
350
43
  3
ACAD_MLEADERSTYLE
350
5B
  3
ACAD_MLINESTYLE
350
17
  3
ACAD_PLOTSETTINGS
350
19
  3
ACAD_PLOTSTYLENAME
350
E
  3
ACAD_SCALELIST
350
47
  3
ACAD_SECTIONVIEWSTYLE
350
D1
  3
ACAD_TABLESTYLE
350
59
  3
ACAD_VISUALSTYLE
350
2A
  3
ACDB_RECOMPOSE_DATA
350
CD
  3
AcDbVariableDictionary
350
C9
  0
SUN
  5
5D
330
29
100
AcDbSun
 90
        1
290
     0
 63
     7
421
 16777215
 40
1.0
291
     1
 91
  2455826
 92
 54000000
292
     0
 70
     2
 71
   256
280
     1
  0
DICTIONARY
  5
D0
102
{ACAD_REACTORS
330
C
102
}
330
C
100
AcDbDictionary
281
     1
  0
DICTIONARY
  5
D
102
{ACAD_REACTORS
330
C
102
}
330
C
100
AcDbDictionary
281
     1
  0
DICTIONARY
  5
1A
102
{ACAD_REACTORS
330
C
102
}
330
C
100
AcDbDictionary
281
     1
  3
Layout1
350
1E
  3
Layout2
350
26
  3
Model
350
22
  0
DICTIONARY
  5
43
102
{ACAD_REACTORS
330
C
102
}
330
C
100
AcDbDictionary
281
     1
  3
ByBlock
350
45
  3
ByLayer
350
44
  3
Global
350
46
  0
DICTIONARY
  5
5B
102
{ACAD_REACTORS
330
C
102
}
330
C
100
AcDbDictionary
281
     1
  3
Standard
350
5C
  0
DICTIONARY
  5
17
102
{ACAD_REACTORS
330
C
102
}
330
C
100
AcDbDictionary
281
     1
  3
Standard
350
18
  0
DICTIONARY
  5
19
102
{ACAD_REACTORS
330
C
102
}
330
C
100
AcDbDictionary
281
     1
  0
ACDBDICTIONARYWDFLT
  5
E
102
{ACAD_REACTORS
330
C
102
}
330
C
100
AcDbDictionary
281
     1
  3
Normal
350
F
100
AcDbDictionaryWithDefault
340
F
  0
DICTIONARY
  5
47
102
{ACAD_REACTORS
330
C
102
}
330
C
100
AcDbDictionary
281
     1
  3
A0
350
48
  3
A1
350
49
  3
A2
350
4A
  3
A3
350
4B
  3
A4
350
4C
  3
A5
350
4D
  3
A6
350
4E
  3
A7
350
4F
  3
A8
350
50
  3
A9
350
51
  3
B1
350
52
  3
B2
350
53
  3
B3
350
54
  3
B4
350
55
  3
B5
350
56
  3
B6
350
57
  3
B7
350
58
  0
DICTIONARY
  5
D1
102
{ACAD_REACTORS
330
C
102
}
330
C
100
AcDbDictionary
281
     1
  0
DICTIONARY
  5
59
102
{ACAD_REACTORS
330
C
102
}
330
C
100
AcDbDictionary
281
     1
  3
Standard
350
5A
  0
DICTIONARY
  5
2A
102
{ACAD_REACTORS
330
C
102
}
330
C
100
AcDbDictionary
281
     1
  3
2dWireframe
350
2F
  3
Basic
350
32
  3
Brighten
350
36
  3
ColorChange
350
3A
  3
Conceptual
350
34
  3
Dim
350
35
  3
EdgeColorOff
350
3D
  3
Facepattern
350
39
  3
Flat
350
2B
  3
FlatWithEdges
350
2C
  3
Gouraud
350
2D
  3
GouraudWithEdges
350
2E
  3
Hidden
350
31
  3
JitterOff
350
3B
  3
Linepattern
350
38
  3
OverhangOff
350
3C
  3
Realistic
350
33
  3
Shaded
350
42
  3
Shaded with edges
350
41
  3
Shades of Gray
350
3E
  3
Sketchy
350
3F
  3
Thicken
350
37
  3
Wireframe
350
30
  3
X-Ray
350
40
  0
XRECORD
  5
CD
102
{ACAD_REACTORS
330
C
102
}
330
C
100
AcDbXrecord
280
     1
 90
        1
330
5A
  0
DICTIONARY
  5
C9
102
{ACAD_REACTORS
330
C
102
}
330
C
100
AcDbDictionary
281
     1
  3
CANNOSCALE
350
CA
  3
CMLEADERSTYLE
350
CF
  3
CTABLESTYLE
350
CE
  0
LAYOUT
  5
1E
102
{ACAD_REACTORS
330
1A
102
}
330
1A
100
AcDbPlotSettings
  1

  2
none_device
  4

  6

 40
0.0
 41
0.0
 42
0.0
 43
0.0
 44
0.0
 45
0.0
 46
0.0
 47
0.0
 48
0.0
 49
0.0
140
0.0
141
0.0
142
1.0
143
1.0
 70
   688
 72
     0
 73
     0
 74
     5
  7

 75
    16
 76
     0
 77
     2
 78
   300
147
1.0
148
0.0
149
0.0
100
AcDbLayout
  1
Layout1
 70
     1
 71
     1
 10
0.0
 20
0.0
 11
12.0
 21
9.0
 12
0.0
 22
0.0
 32
0.0
 14
1.000000000000000E+20
 24
1.000000000000000E+20
 34
1.000000000000000E+20
 15
-1.000000000000000E+20
 25
-1.000000000000000E+20
 35
-1.000000000000000E+20
146
0.0
 13
0.0
 23
0.0
 33
0.0
 16
1.0
 26
0.0
 36
0.0
 17
0.0
 27
1.0
 37
0.0
 76
     0
330
1B
  0
LAYOUT
  5
26
102
{ACAD_REACTORS
330
1A
102
}
330
1A
100
AcDbPlotSettings
  1

  2
none_device
  4

  6

 40
0.0
 41
0.0
 42
0.0
 43
0.0
 44
0.0
 45
0.0
 46
0.0
 47
0.0
 48
0.0
 49
0.0
140
0.0
141
0.0
142
1.0
143
1.0
 70
   688
 72
     0
 73
     0
 74
     5
  7

 75
    16
 76
     0
 77
     2
 78
   300
147
1.0
148
0.0
149
0.0
100
AcDbLayout
  1
Layout2
 70
     1
 71
     2
 10
0.0
 20
0.0
 11
0.0
 21
0.0
 12
0.0
 22
0.0
 32
0.0
 14
0.0
 24
0.0
 34
0.0
 15
0.0
 25
0.0
 35
0.0
146
0.0
 13
0.0
 23
0.0
 33
0.0
 16
1.0
 26
0.0
 36
0.0
 17
0.0
 27
1.0
 37
0.0
 76
     0
330
23
  0
LAYOUT
  5
22
102
{ACAD_REACTORS
330
1A
102
}
330
1A
100
AcDbPlotSettings
  1

  2
none_device
  4
Letter_(8.50_x_11.00_Inches)
  6

 40
6.35
 41
6.35
 42
6.35000508
 43
6.35000508
 44
215.9
 45
279.4
 46
0.0
 47
0.0
 48
0.0
 49
0.0
140
0.0
141
0.0
142
1.0
143
1.0
 70
  1712
 72
     0
 73
     0
 74
     0
  7

 75
     0
 76
     0
 77
     2
 78
   300
147
1.0
148
0.0
149
0.0
100
AcDbLayout
  1
Model
 70
     1
 71
     0
 10
0.0
 20
0.0
 11
12.0
 21
9.0
 12
0.0
 22
0.0
 32
0.0
 14
-1092.7854
 24
215.6608
 34
0.0
 15
1184.0108
 25
569.9837
 35
0.0
146
0.0
 13
0.0
 23
0.0
 33
0.0
 16
1.0
 26
0.0
 36
0.0
 17
0.0
 27
1.0
 37
0.0
 76
     0
330
1F
331
29
  0
MATERIAL
  5
45
102
{ACAD_REACTORS
330
43
102
}
330
43
100
AcDbMaterial
  1
ByBlock
 72
     1
 94
      127
  0
MATERIAL
  5
44
102
{ACAD_REACTORS
330
43
102
}
330
43
100
AcDbMaterial
  1
ByLayer
 72
     1
 94
      127
  0
MATERIAL
  5
46
102
{ACAD_REACTORS
330
43
102
}
330
43
100
AcDbMaterial
  1
Global
 72
     1
 94
      127
  0
MLEADERSTYLE
  5
5C
102
{ACAD_REACTORS
330
5B
102
}
330
5B
100
AcDbMLeaderStyle
179
     2
170
     2
171
     1
172
     0
 90
        2
 40
0.0
 41
0.0
173
     1
 91
-1056964608
340
14
 92
       -2
290
     1
 42
0.09
291
     1
 43
0.36
  3
Standard
341
0
 44
0.18
300

342
11
174
     1
178
     6
175
     1
176
     0
 93
-1056964608
 45
0.18
292
     0
297
     0
 46
0.18
343
0
 94
-1056964608
 47
1.0
 49
1.0
140
1.0
293
     1
141
0.0
294
     1
177
     0
142
1.0
295
     0
296
     0
143
0.125
271
     0
272
     9
273
     9
298
     0
  0
MLINESTYLE
  5
18
102
{ACAD_REACTORS
330
17
102
}
330
17
100
AcDbMlineStyle
  2
Standard
 70
     0
  3

 62
   256
 51
90.0
 52
90.0
 71
     2
 49
0.5
 62
   256
  6
BYLAYER
 49
-0.5
 62
   256
  6
BYLAYER
  0
ACDBPLACEHOLDER
  5
F
102
{ACAD_REACTORS
330
E
102
}
330
E
  0
SCALE
  5
48
102
{ACAD_REACTORS
330
47
102
}
330
47
100
AcDbScale
 70
     0
300
1:1
140
1.0
141
1.0
290
     1
  0
SCALE
  5
49
102
{ACAD_REACTORS
330
47
102
}
330
47
100
AcDbScale
 70
     0
300
1/128" = 1'-0"
140
0.0078125
141
12.0
290
     0
  0
SCALE
  5
4A
102
{ACAD_REACTORS
330
47
102
}
330
47
100
AcDbScale
 70
     0
300
1/64" = 1'-0"
140
0.015625
141
12.0
290
     0
  0
SCALE
  5
4B
102
{ACAD_REACTORS
330
47
102
}
330
47
100
AcDbScale
 70
     0
300
1/32" = 1'-0"
140
0.03125
141
12.0
290
     0
  0
SCALE
  5
4C
102
{ACAD_REACTORS
330
47
102
}
330
47
100
AcDbScale
 70
     0
300
1/16" = 1'-0"
140
0.0625
141
12.0
290
     0
  0
SCALE
  5
4D
102
{ACAD_REACTORS
330
47
102
}
330
47
100
AcDbScale
 70
     0
300
3/32" = 1'-0"
140
0.09375
141
12.0
290
     0
  0
SCALE
  5
4E
102
{ACAD_REACTORS
330
47
102
}
330
47
100
AcDbScale
 70
     0
300
1/8" = 1'-0"
140
0.125
141
12.0
290
     0
  0
SCALE
  5
4F
102
{ACAD_REACTORS
330
47
102
}
330
47
100
AcDbScale
 70
     0
300
3/16" = 1'-0"
140
0.1875
141
12.0
290
     0
  0
SCALE
  5
50
102
{ACAD_REACTORS
330
47
102
}
330
47
100
AcDbScale
 70
     0
300
1/4" = 1'-0"
140
0.25
141
12.0
290
     0
  0
SCALE
  5
51
102
{ACAD_REACTORS
330
47
102
}
330
47
100
AcDbScale
 70
     0
300
3/8" = 1'-0"
140
0.375
141
12.0
290
     0
  0
SCALE
  5
52
102
{ACAD_REACTORS
330
47
102
}
330
47
100
AcDbScale
 70
     0
300
1/2" = 1'-0"
140
0.5
141
12.0
290
     0
  0
SCALE
  5
53
102
{ACAD_REACTORS
330
47
102
}
330
47
100
AcDbScale
 70
     0
300
3/4" = 1'-0"
140
0.75
141
12.0
290
     0
  0
SCALE
  5
54
102
{ACAD_REACTORS
330
47
102
}
330
47
100
AcDbScale
 70
     0
300
1" = 1'-0"
140
1.0
141
12.0
290
     0
  0
SCALE
  5
55
102
{ACAD_REACTORS
330
47
102
}
330
47
100
AcDbScale
 70
     0
300
1-1/2" = 1'-0"
140
1.5
141
12.0
290
     0
  0
SCALE
  5
56
102
{ACAD_REACTORS
330
47
102
}
330
47
100
AcDbScale
 70
     0
300
3" = 1'-0"
140
3.0
141
12.0
290
     0
  0
SCALE
  5
57
102
{ACAD_REACTORS
330
47
102
}
330
47
100
AcDbScale
 70
     0
300
6" = 1'-0"
140
6.0
141
12.0
290
     0
  0
SCALE
  5
58
102
{ACAD_REACTORS
330
47
102
}
330
47
100
AcDbScale
 70
     0
300
1'-0" = 1'-0"
140
12.0
141
12.0
290
     0
  0
TABLESTYLE
  5
5A
102
{ACAD_REACTORS
330
59
102
}
102
{ACAD_XDICTIONARY
360
CB
102
}
330
59
100
AcDbTableStyle
  3
Standard
 70
     0
 71
     0
 40
0.06
 41
0.06
280
     0
281
     0
  7
Standard
140
0.18
170
     2
 62
     0
 63
   257
283
     0
 90
        4
 91
        0
  1

274
    -2
284
     1
 64
     0
275
    -2
285
     1
 65
     0
276
    -2
286
     1
 66
     0
277
    -2
287
     1
 67
     0
278
    -2
288
     1
 68
     0
279
    -2
289
     1
 69
     0
  7
Standard
140
0.25
170
     5
 62
     0
 63
   257
283
     0
 90
        4
 91
        0
  1

274
    -2
284
     1
 64
     0
275
    -2
285
     1
 65
     0
276
    -2
286
     1
 66
     0
277
    -2
287
     1
 67
     0
278
    -2
288
     1
 68
     0
279
    -2
289
     1
 69
     0
  7
Standard
140
0.18
170
     5
 62
     0
 63
   257
283
     0
 90
        4
 91
        0
  1

274
    -2
284
     1
 64
     0
275
    -2
285
     1
 65
     0
276
    -2
286
     1
 66
     0
277
    -2
287
     1
 67
     0
278
    -2
288
     1
 68
     0
279
    -2
289
     1
 69
     0
  0
VISUALSTYLE
  5
2F
102
{ACAD_REACTORS
330
2A
102
}
330
2A
100
AcDbVisualStyle
  2
2dWireframe
 70
     4
177
     3
291
     0
 70
    58
 90
        0
176
     1
 90
        2
176
     1
 90
        0
176
     1
 90
        0
176
     1
 40
0.6
176
     1
 40
30.0
176
     1
 62
     7
420
 16777215
176
     1
 90
        1
176
     1
 90
        4
176
     1
 62
     7
176
     1
 62
   257
176
     1
 90
        1
176
     1
 90
        1
176
     1
 40
1.0
176
     1
 90
        0
176
     1
 62
   257
176
     1
 40
1.0
176
     1
 90
        1
176
     1
 90
        6
176
     1
 90
        2
176
     1
 62
     7
176
     1
 90
        5
176
     1
 90
        0
176
     1
 90
        0
176
     1
290
     0
176
     1
 90
        1
176
     1
 40
0.0
176
     1
 90
        0
176
     1
290
     1
176
     1
290
     1
176
     1
290
     0
176
     1
290
     0
176
     1
290
     0
176
     1
290
     0
176
     1
290
     0
176
     1
290
     0
176
     1
290
     0
176
     1
 90
       50
176
     1
 40
0.0
176
     1
 40
1.0
176
     1
 90
        0
176
     1
 62
    18
420
        0
176
     1
 90
       50
176
     1
 90
        3
176
     1
 62
     5
420
      255
176
     1
290
     0
176
     1
 90
       50
176
     1
 90
       50
176
     1
 90
       50
176
     1
290
     0
176
     1
 90
       50
176
     1
 62
   256
176
     0
 40
1.0
176
     0
 90
        2
176
     1
  1
strokes_ogs.tif
176
     1
290
     0
176
     1
 40
1.0
176
     1
 40
1.0
176
     1
  0
VISUALSTYLE
  5
32
102
{ACAD_REACTORS
330
2A
102
}
330
2A
100
AcDbVisualStyle
  2
Basic
 70
     7
177
     3
291
     1
 70
    58
 90
        1
176
     1
 90
        0
176
     1
 90
        1
176
     1
 90
        0
176
     1
 40
0.6
176
     1
 40
30.0
176
     1
 62
     7
420
 16777215
176
     1
 90
        0
176
     1
 90
        4
176
     1
 62
     7
176
     1
 62
   257
176
     1
 90
        1
176
     1
 90
        1
176
     1
 40
1.0
176
     1
 90
        8
176
     1
 62
     7
176
     1
 40
1.0
176
     1
 90
        1
176
     1
 90
        6
176
     1
 90
        2
176
     1
 62
     7
176
     1
 90
        5
176
     1
 90
        0
176
     1
 90
        0
176
     1
290
     0
176
     1
 90
        1
176
     1
 40
0.0
176
     1
 90
        0
176
     1
290
     0
176
     1
290
     1
176
     1
290
     1
176
     1
290
     0
176
     1
290
     0
176
     1
290
     0
176
     1
290
     0
176
     1
290
     0
176
     1
290
     0
176
     1
 90
       50
176
     1
 40
0.0
176
     1
 40
1.0
176
     1
 90
        0
176
     1
 62
    18
420
        0
176
     1
 90
       50
176
     1
 90
        3
176
     1
 62
     5
420
      255
176
     1
290
     0
176
     1
 90
       50
176
     1
 90
       50
176
     1
 90
       50
176
     1
290
     0
176
     1
 90
       50
176
     1
 62
   256
176
     0
 40
1.0
176
     0
 90
        2
176
     1
  1
strokes_ogs.tif
176
     1
290
     0
176
     1
 40
1.0
176
     1
 40
1.0
176
     1
  0
VISUALSTYLE
  5
36
102
{ACAD_REACTORS
330
2A
102
}
330
2A
100
AcDbVisualStyle
  2
Brighten
 70
    12
177
     3
291
     1
 70
    58
 90
        2
176
     1
 90
        2
176
     1
 90
        0
176
     1
 90
        0
176
     1
 40
0.6
176
     1
 40
30.0
176
     1
 62
     7
420
 16777215
176
     1
 90
        1
176
     1
 90
        4
176
     1
 62
     7
176
     1
 62
   257
176
     1
 90
        1
176
     1
 90
        1
176
     1
 40
1.0
176
     1
 90
        8
176
     1
 62
     7
176
     1
 40
1.0
176
     1
 90
        1
176
     1
 90
        6
176
     1
 90
        2
176
     1
 62
     7
176
     1
 90
        5
176
     1
 90
        0
176
     1
 90
        0
176
     1
290
     0
176
     1
 90
        1
176
     1
 40
50.0
176
     1
 90
        0
176
     1
290
     0
176
     1
290
     1
176
     1
290
     1
176
     1
290
     0
176
     1
290
     0
176
     1
290
     0
176
     1
290
     0
176
     1
290
     0
176
     1
290
     0
176
     1
 90
       50
176
     1
 40
0.0
176
     1
 40
1.0
176
     1
 90
        0
176
     1
 62
    18
420
        0
176
     1
 90
       50
176
     1
 90
        3
176
     1
 62
     5
420
      255
176
     1
290
     0
176
     1
 90
       50
176
     1
 90
       50
176
     1
 90
       50
176
     1
290
     0
176
     1
 90
       50
176
     1
 62
   256
176
     0
 40
1.0
176
     0
 90
        2
176
     1
  1
strokes_ogs.tif
176
     1
290
     0
176
     1
 40
1.0
176
     1
 40
1.0
176
     1
  0
VISUALSTYLE
  5
3A
102
{ACAD_REACTORS
330
2A
102
}
330
2A
100
AcDbVisualStyle
  2
ColorChange
 70
    16
177
     3
291
     1
 70
    58
 90
        2
176
     1
 90
        2
176
     1
 90
        3
176
     1
 90
        0
176
     1
 40
0.6
176
     1
 40
30.0
176
     1
 62
     8
420
  8421504
176
     1
 90
        1
176
     1
 90
        4
176
     1
 62
     7
176
     1
 62
   257
176
     1
 90
        1
176
     1
 90
        1
176
     1
 40
1.0
176
     1
 90
        8
176
     1
 62
     8
420
  8421504
176
     1
 40
1.0
176
     1
 90
        1
176
     1
 90
        6
176
     1
 90
        2
176
     1
 62
     7
176
     1
 90
        5
176
     1
 90
        0
176
     1
 90
        0
176
     1
290
     0
176
     1
 90
        1
176
     1
 40
0.0
176
     1
 90
        0
176
     1
290
     0
176
     1
290
     1
176
     1
290
     1
176
     1
290
     0
176
     1
290
     0
176
     1
290
     0
176
     1
290
     0
176
     1
290
     0
176
     1
290
     0
176
     1
 90
       50
176
     1
 40
0.0
176
     1
 40
1.0
176
     1
 90
        0
176
     1
 62
    18
420
        0
176
     1
 90
       50
176
     1
 90
        3
176
     1
 62
     5
420
      255
176
     1
290
     0
176
     1
 90
       50
176
     1
 90
       50
176
     1
 90
       50
176
     1
290
     0
176
     1
 90
       50
176
     1
 62
   256
176
     0
 40
1.0
176
     0
 90
        2
176
     1
  1
strokes_ogs.tif
176
     1
290
     0
176
     1
 40
1.0
176
     1
 40
1.0
176
     1
  0
VISUALSTYLE
  5
34
102
{ACAD_REACTORS
330
2A
102
}
330
2A
100
AcDbVisualStyle
  2
Conceptual
 70
     9
177
     3
291
     0
 70
    58
 90
        3
176
     1
 90
        2
176
     1
 90
        0
176
     1
 90
        0
176
     1
 40
0.6
176
     1
 40
30.0
176
     1
 62
     7
420
 16777215
176
     1
 90
        2
176
     1
 90
        2
176
     1
 62
     7
176
     1
 62
   257
176
     1
 90
        1
176
     1
 90
        1
176
     1
 40
179.0
176
     1
 90
        8
176
     1
 62
     7
176
     1
 40
1.0
176
     1
 90
        1
176
     1
 90
        6
176
     1
 90
        2
176
     1
 62
     7
176
     1
 90
        3
176
     1
 90
        0
176
     1
 90
        0
176
     1
290
     0
176
     1
 90
        1
176
     1
 40
0.0
176
     1
 90
        0
176
     1
290
     0
176
     1
290
     1
176
     1
290
     1
176
     1
290
     0
176
     1
290
     0
176
     1
290
     0
176
     1
290
     0
176
     1
290
     0
176
     1
290
     0
176
     1
 90
       50
176
     1
 40
0.0
176
     1
 40
1.0
176
     1
 90
        0
176
     1
 62
    18
420
        0
176
     1
 90
       50
176
     1
 90
        3
176
     1
 62
     5
420
      255
176
     1
290
     0
176
     1
 90
       50
176
     1
 90
       50
176
     1
 90
       50
176
     1
290
     0
176
     1
 90
       50
176
     1
 62
   256
176
     0
 40
1.0
176
     0
 90
        2
176
     1
  1
strokes_ogs.tif
176
     1
290
     0
176
     1
 40
1.0
176
     1
 40
1.0
176
     1
  0
VISUALSTYLE
  5
35
102
{ACAD_REACTORS
330
2A
102
}
330
2A
100
AcDbVisualStyle
  2
Dim
 70
    11
177
     3
291
     1
 70
    58
 90
        2
176
     1
 90
        2
176
     1
 90
        0
176
     1
 90
        0
176
     1
 40
0.6
176
     1
 40
30.0
176
     1
 62
     7
420
 16777215
176
     1
 90
        1
176
     1
 90
        4
176
     1
 62
     7
176
     1
 62
   257
176
     1
 90
        1
176
     1
 90
        1
176
     1
 40
1.0
176
     1
 90
        8
176
     1
 62
     7
176
     1
 40
1.0
176
     1
 90
        1
176
     1
 90
        6
176
     1
 90
        2
176
     1
 62
     7
176
     1
 90
        5
176
     1
 90
        0
176
     1
 90
        0
176
     1
290
     0
176
     1
 90
        1
176
     1
 40
-50.0
176
     1
 90
        0
176
     1
290
     0
176
     1
290
     1
176
     1
290
     1
176
     1
290
     0
176
     1
290
     0
176
     1
290
     0
176
     1
290
     0
176
     1
290
     0
176
     1
290
     0
176
     1
 90
       50
176
     1
 40
0.0
176
     1
 40
1.0
176
     1
 90
        0
176
     1
 62
    18
420
        0
176
     1
 90
       50
176
     1
 90
        3
176
     1
 62
     5
420
      255
176
     1
290
     0
176
     1
 90
       50
176
     1
 90
       50
176
     1
 90
       50
176
     1
290
     0
176
     1
 90
       50
176
     1
 62
   256
176
     0
 40
1.0
176
     0
 90
        2
176
     1
  1
strokes_ogs.tif
176
     1
290
     0
176
     1
 40
1.0
176
     1
 40
1.0
176
     1
  0
VISUALSTYLE
  5
3D
102
{ACAD_REACTORS
330
2A
102
}
330
2A
100
AcDbVisualStyle
  2
EdgeColorOff
 70
    22
177
     3
291
     1
 70
    58
 90
        2
176
     0
 90
        2
176
     0
 90
        0
176
     0
 90
        0
176
     0
 40
0.6
176
     0
 40
30.0
176
     0
 62
     7
420
 16777215
176
     0
 90
        1
176
     0
 90
        4
176
     0
 62
     7
176
     0
 62
   257
176
     0
 90
        1
176
     0
 90
        1
176
     0
 40
1.0
176
     0
 90
        8
176
     2
 62
     7
176
     0
 40
1.0
176
     0
 90
        1
176
     0
 90
        6
176
     0
 90
        2
176
     0
 62
     7
176
     0
 90
        5
176
     0
 90
        0
176
     0
 90
        0
176
     0
290
     0
176
     0
 90
        1
176
     0
 40
0.0
176
     0
 90
        0
176
     0
290
     0
176
     0
290
     1
176
     0
290
     1
176
     0
290
     0
176
     0
290
     0
176
     0
290
     0
176
     0
290
     0
176
     0
290
     0
176
     0
290
     0
176
     0
 90
       50
176
     0
 40
0.0
176
     0
 40
1.0
176
     0
 90
        0
176
     0
 62
    18
420
        0
176
     0
 90
       50
176
     0
 90
        3
176
     0
 62
     5
420
      255
176
     0
290
     0
176
     0
 90
       50
176
     0
 90
       50
176
     0
 90
       50
176
     0
290
     0
176
     0
 90
       50
176
     0
 62
   256
176
     0
 40
1.0
176
     0
 90
        2
176
     0
  1
strokes_ogs.tif
176
     0
290
     0
176
     0
 40
1.0
176
     0
 40
1.0
176
     0
  0
VISUALSTYLE
  5
39
102
{ACAD_REACTORS
330
2A
102
}
330
2A
100
AcDbVisualStyle
  2
Facepattern
 70
    15
177
     3
291
     1
 70
    58
 90
        2
176
     1
 90
        2
176
     1
 90
        0
176
     1
 90
        0
176
     1
 40
0.6
176
     1
 40
30.0
176
     1
 62
     7
420
 16777215
176
     1
 90
        1
176
     1
 90
        4
176
     1
 62
     7
176
     1
 62
   257
176
     1
 90
        1
176
     1
 90
        1
176
     1
 40
1.0
176
     1
 90
        8
176
     1
 62
     7
176
     1
 40
1.0
176
     1
 90
        1
176
     1
 90
        6
176
     1
 90
        2
176
     1
 62
     7
176
     1
 90
        5
176
     1
 90
        0
176
     1
 90
        0
176
     1
290
     0
176
     1
 90
        1
176
     1
 40
0.0
176
     1
 90
        0
176
     1
290
     0
176
     1
290
     1
176
     1
290
     1
176
     1
290
     0
176
     1
290
     0
176
     1
290
     0
176
     1
290
     0
176
     1
290
     0
176
     1
290
     0
176
     1
 90
       50
176
     1
 40
0.0
176
     1
 40
1.0
176
     1
 90
        0
176
     1
 62
    18
420
        0
176
     1
 90
       50
176
     1
 90
        3
176
     1
 62
     5
420
      255
176
     1
290
     0
176
     1
 90
       50
176
     1
 90
       50
176
     1
 90
       50
176
     1
290
     0
176
     1
 90
       50
176
     1
 62
   256
176
     0
 40
1.0
176
     0
 90
        2
176
     1
  1
strokes_ogs.tif
176
     1
290
     0
176
     1
 40
1.0
176
     1
 40
1.0
176
     1
  0
VISUALSTYLE
  5
2B
102
{ACAD_REACTORS
330
2A
102
}
330
2A
100
AcDbVisualStyle
  2
Flat
 70
     0
177
     3
291
     1
 70
    58
 90
        2
176
     1
 90
        1
176
     1
 90
        1
176
     1
 90
        2
176
     1
 40
0.6
176
     1
 40
30.0
176
     1
 62
     7
420
 16777215
176
     1
 90
        0
176
     1
 90
        0
176
     1
 62
     7
176
     1
 62
   257
176
     1
 90
        1
176
     1
 90
        1
176
     1
 40
1.0
176
     1
 90
        8
176
     1
 62
     7
176
     1
 40
1.0
176
     1
 90
        1
176
     1
 90
        6
176
     1
 90
        2
176
     1
 62
     7
176
     1
 90
        5
176
     1
 90
        0
176
     1
 90
        0
176
     1
290
     0
176
     1
 90
       13
176
     1
 40
0.0
176
     1
 90
        0
176
     1
290
     0
176
     1
290
     1
176
     1
290
     1
176
     1
290
     0
176
     1
290
     0
176
     1
290
     0
176
     1
290
     0
176
     1
290
     0
176
     1
290
     0
176
     1
 90
       50
176
     1
 40
0.0
176
     1
 40
1.0
176
     1
 90
        0
176
     1
 62
    18
420
        0
176
     1
 90
       50
176
     1
 90
        3
176
     1
 62
     5
420
      255
176
     1
290
     0
176
     1
 90
       50
176
     1
 90
       50
176
     1
 90
       50
176
     1
290
     0
176
     1
 90
       50
176
     1
 62
   256
176
     0
 40
1.0
176
     0
 90
        2
176
     1
  1
strokes_ogs.tif
176
     1
290
     0
176
     1
 40
1.0
176
     1
 40
1.0
176
     1
  0
VISUALSTYLE
  5
2C
102
{ACAD_REACTORS
330
2A
102
}
330
2A
100
AcDbVisualStyle
  2
FlatWithEdges
 70
     1
177
     3
291
     1
 70
    58
 90
        2
176
     1
 90
        1
176
     1
 90
        1
176
     1
 90
        2
176
     1
 40
0.6
176
     1
 40
30.0
176
     1
 62
     7
420
 16777215
176
     1
 90
        1
176
     1
 90
        0
176
     1
 62
     7
176
     1
 62
   257
176
     1
 90
        1
176
     1
 90
        1
176
     1
 40
1.0
176
     1
 90
        0
176
     1
 62
   257
176
     1
 40
1.0
176
     1
 90
        1
176
     1
 90
        6
176
     1
 90
        2
176
     1
 62
     7
176
     1
 90
        5
176
     1
 90
        0
176
     1
 90
        0
176
     1
290
     0
176
     1
 90
       13
176
     1
 40
0.0
176
     1
 90
        0
176
     1
290
     0
176
     1
290
     1
176
     1
290
     1
176
     1
290
     0
176
     1
290
     0
176
     1
290
     0
176
     1
290
     0
176
     1
290
     0
176
     1
290
     0
176
     1
 90
       50
176
     1
 40
0.0
176
     1
 40
1.0
176
     1
 90
        0
176
     1
 62
    18
420
        0
176
     1
 90
       50
176
     1
 90
        3
176
     1
 62
     5
420
      255
176
     1
290
     0
176
     1
 90
       50
176
     1
 90
       50
176
     1
 90
       50
176
     1
290
     0
176
     1
 90
       50
176
     1
 62
   256
176
     0
 40
1.0
176
     0
 90
        2
176
     1
  1
strokes_ogs.tif
176
     1
290
     0
176
     1
 40
1.0
176
     1
 40
1.0
176
     1
  0
VISUALSTYLE
  5
2D
102
{ACAD_REACTORS
330
2A
102
}
330
2A
100
AcDbVisualStyle
  2
Gouraud
 70
     2
177
     3
291
     1
 70
    58
 90
        2
176
     1
 90
        2
176
     1
 90
        1
176
     1
 90
        2
176
     1
 40
0.6
176
     1
 40
30.0
176
     1
 62
     7
420
 16777215
176
     1
 90
        0
176
     1
 90
        0
176
     1
 62
     7
176
     1
 62
   257
176
     1
 90
        1
176
     1
 90
        1
176
     1
 40
1.0
176
     1
 90
        0
176
     1
 62
     7
176
     1
 40
1.0
176
     1
 90
        1
176
     1
 90
        6
176
     1
 90
        2
176
     1
 62
     7
176
     1
 90
        5
176
     1
 90
        0
176
     1
 90
        0
176
     1
290
     0
176
     1
 90
       13
176
     1
 40
0.0
176
     1
 90
        0
176
     1
290
     0
176
     1
290
     1
176
     1
290
     1
176
     1
290
     0
176
     1
290
     0
176
     1
290
     0
176
     1
290
     0
176
     1
290
     0
176
     1
290
     0
176
     1
 90
       50
176
     1
 40
0.0
176
     1
 40
1.0
176
     1
 90
        0
176
     1
 62
    18
420
        0
176
     1
 90
       50
176
     1
 90
        3
176
     1
 62
     5
420
      255
176
     1
290
     0
176
     1
 90
       50
176
     1
 90
       50
176
     1
 90
       50
176
     1
290
     0
176
     1
 90
       50
176
     1
 62
   256
176
     0
 40
1.0
176
     0
 90
        2
176
     1
  1
strokes_ogs.tif
176
     1
290
     0
176
     1
 40
1.0
176
     1
 40
1.0
176
     1
  0
VISUALSTYLE
  5
2E
102
{ACAD_REACTORS
330
2A
102
}
330
2A
100
AcDbVisualStyle
  2
GouraudWithEdges
 70
     3
177
     3
291
     1
 70
    58
 90
        2
176
     1
 90
        2
176
     1
 90
        1
176
     1
 90
        2
176
     1
 40
0.6
176
     1
 40
30.0
176
     1
 62
     7
420
 16777215
176
     1
 90
        1
176
     1
 90
        0
176
     1
 62
     7
176
     1
 62
   257
176
     1
 90
        1
176
     1
 90
        1
176
     1
 40
1.0
176
     1
 90
        0
176
     1
 62
   257
176
     1
 40
1.0
176
     1
 90
        1
176
     1
 90
        6
176
     1
 90
        2
176
     1
 62
     7
176
     1
 90
        5
176
     1
 90
        0
176
     1
 90
        0
176
     1
290
     0
176
     1
 90
       13
176
     1
 40
0.0
176
     1
 90
        0
176
     1
290
     0
176
     1
290
     1
176
     1
290
     1
176
     1
290
     0
176
     1
290
     0
176
     1
290
     0
176
     1
290
     0
176
     1
290
     0
176
     1
290
     0
176
     1
 90
       50
176
     1
 40
0.0
176
     1
 40
1.0
176
     1
 90
        0
176
     1
 62
    18
420
        0
176
     1
 90
       50
176
     1
 90
        3
176
     1
 62
     5
420
      255
176
     1
290
     0
176
     1
 90
       50
176
     1
 90
       50
176
     1
 90
       50
176
     1
290
     0
176
     1
 90
       50
176
     1
 62
   256
176
     0
 40
1.0
176
     0
 90
        2
176
     1
  1
strokes_ogs.tif
176
     1
290
     0
176
     1
 40
1.0
176
     1
 40
1.0
176
     1
  0
VISUALSTYLE
  5
31
102
{ACAD_REACTORS
330
2A
102
}
330
2A
100
AcDbVisualStyle
  2
Hidden
 70
     6
177
     3
291
     0
 70
    58
 90
        1
176
     1
 90
        2
176
     1
 90
        2
176
     1
 90
        0
176
     1
 40
0.6
176
     1
 40
30.0
176
     1
 62
     7
420
 16777215
176
     1
 90
        2
176
     1
 90
        2
176
     1
 62
     7
176
     1
 62
   257
176
     1
 90
        2
176
     1
 90
        1
176
     1
 40
40.0
176
     1
 90
        0
176
     1
 62
   257
176
     1
 40
1.0
176
     1
 90
        1
176
     1
 90
        6
176
     1
 90
        2
176
     1
 62
     7
176
     1
 90
        3
176
     1
 90
        0
176
     1
 90
        0
176
     1
290
     0
176
     1
 90
        1
176
     1
 40
0.0
176
     1
 90
        0
176
     1
290
     0
176
     1
290
     1
176
     1
290
     1
176
     1
290
     0
176
     1
290
     0
176
     1
290
     0
176
     1
290
     0
176
     1
290
     0
176
     1
290
     0
176
     1
 90
       50
176
     1
 40
0.0
176
     1
 40
1.0
176
     1
 90
        0
176
     1
 62
    18
420
        0
176
     1
 90
       50
176
     1
 90
        3
176
     1
 62
     5
420
      255
176
     1
290
     0
176
     1
 90
       50
176
     1
 90
       50
176
     1
 90
       50
176
     1
290
     0
176
     1
 90
       50
176
     1
 62
   256
176
     0
 40
1.0
176
     0
 90
        2
176
     1
  1
strokes_ogs.tif
176
     1
290
     0
176
     1
 40
1.0
176
     1
 40
1.0
176
     1
  0
VISUALSTYLE
  5
3B
102
{ACAD_REACTORS
330
2A
102
}
330
2A
100
AcDbVisualStyle
  2
JitterOff
 70
    20
177
     3
291
     1
 70
    58
 90
        2
176
     0
 90
        2
176
     0
 90
        0
176
     0
 90
        0
176
     0
 40
0.6
176
     0
 40
30.0
176
     0
 62
     7
420
 16777215
176
     0
 90
        1
176
     0
 90
        4
176
     0
 62
     7
176
     0
 62
   257
176
     0
 90
        1
176
     0
 90
        1
176
     0
 40
1.0
176
     0
 90
       10
176
     2
 62
     7
176
     0
 40
1.0
176
     0
 90
        1
176
     0
 90
        6
176
     0
 90
        2
176
     0
 62
     7
176
     0
 90
        5
176
     0
 90
        0
176
     0
 90
        0
176
     0
290
     0
176
     0
 90
        1
176
     0
 40
0.0
176
     0
 90
        0
176
     0
290
     0
176
     0
290
     1
176
     0
290
     1
176
     0
290
     0
176
     0
290
     0
176
     0
290
     0
176
     0
290
     0
176
     0
290
     0
176
     0
290
     0
176
     0
 90
       50
176
     0
 40
0.0
176
     0
 40
1.0
176
     0
 90
        0
176
     0
 62
    18
420
        0
176
     0
 90
       50
176
     0
 90
        3
176
     0
 62
     5
420
      255
176
     0
290
     0
176
     0
 90
       50
176
     0
 90
       50
176
     0
 90
       50
176
     0
290
     0
176
     0
 90
       50
176
     0
 62
   256
176
     0
 40
1.0
176
     0
 90
        2
176
     0
  1
strokes_ogs.tif
176
     0
290
     0
176
     0
 40
1.0
176
     0
 40
1.0
176
     0
  0
VISUALSTYLE
  5
38
102
{ACAD_REACTORS
330
2A
102
}
330
2A
100
AcDbVisualStyle
  2
Linepattern
 70
    14
177
     3
291
     1
 70
    58
 90
        2
176
     1
 90
        2
176
     1
 90
        0
176
     1
 90
        0
176
     1
 40
0.6
176
     1
 40
30.0
176
     1
 62
     7
420
 16777215
176
     1
 90
        1
176
     1
 90
        4
176
     1
 62
     7
176
     1
 62
   257
176
     1
 90
        7
176
     1
 90
        7
176
     1
 40
1.0
176
     1
 90
        8
176
     1
 62
     7
176
     1
 40
1.0
176
     1
 90
        1
176
     1
 90
        6
176
     1
 90
        2
176
     1
 62
     7
176
     1
 90
        5
176
     1
 90
        0
176
     1
 90
        0
176
     1
290
     0
176
     1
 90
        1
176
     1
 40
0.0
176
     1
 90
        0
176
     1
290
     0
176
     1
290
     1
176
     1
290
     1
176
     1
290
     0
176
     1
290
     0
176
     1
290
     0
176
     1
290
     0
176
     1
290
     0
176
     1
290
     0
176
     1
 90
       50
176
     1
 40
0.0
176
     1
 40
1.0
176
     1
 90
        0
176
     1
 62
    18
420
        0
176
     1
 90
       50
176
     1
 90
        3
176
     1
 62
     5
420
      255
176
     1
290
     0
176
     1
 90
       50
176
     1
 90
       50
176
     1
 90
       50
176
     1
290
     0
176
     1
 90
       50
176
     1
 62
   256
176
     0
 40
1.0
176
     0
 90
        2
176
     1
  1
strokes_ogs.tif
176
     1
290
     0
176
     1
 40
1.0
176
     1
 40
1.0
176
     1
  0
VISUALSTYLE
  5
3C
102
{ACAD_REACTORS
330
2A
102
}
330
2A
100
AcDbVisualStyle
  2
OverhangOff
 70
    21
177
     3
291
     1
 70
    58
 90
        2
176
     0
 90
        2
176
     0
 90
        0
176
     0
 90
        0
176
     0
 40
0.6
176
     0
 40
30.0
176
     0
 62
     7
420
 16777215
176
     0
 90
        1
176
     0
 90
        4
176
     0
 62
     7
176
     0
 62
   257
176
     0
 90
        1
176
     0
 90
        1
176
     0
 40
1.0
176
     0
 90
        9
176
     2
 62
     7
176
     0
 40
1.0
176
     0
 90
        1
176
     0
 90
        6
176
     0
 90
        2
176
     0
 62
     7
176
     0
 90
        5
176
     0
 90
        0
176
     0
 90
        0
176
     0
290
     0
176
     0
 90
        1
176
     0
 40
0.0
176
     0
 90
        0
176
     0
290
     0
176
     0
290
     1
176
     0
290
     1
176
     0
290
     0
176
     0
290
     0
176
     0
290
     0
176
     0
290
     0
176
     0
290
     0
176
     0
290
     0
176
     0
 90
       50
176
     0
 40
0.0
176
     0
 40
1.0
176
     0
 90
        0
176
     0
 62
    18
420
        0
176
     0
 90
       50
176
     0
 90
        3
176
     0
 62
     5
420
      255
176
     0
290
     0
176
     0
 90
       50
176
     0
 90
       50
176
     0
 90
       50
176
     0
290
     0
176
     0
 90
       50
176
     0
 62
   256
176
     0
 40
1.0
176
     0
 90
        2
176
     0
  1
strokes_ogs.tif
176
     0
290
     0
176
     0
 40
1.0
176
     0
 40
1.0
176
     0
  0
VISUALSTYLE
  5
33
102
{ACAD_REACTORS
330
2A
102
}
330
2A
100
AcDbVisualStyle
  2
Realistic
 70
     8
177
     3
291
     0
 70
    58
 90
        2
176
     1
 90
        3
176
     1
 90
        0
176
     1
 90
        2
176
     1
 40
0.6
176
     1
 40
30.0
176
     1
 62
     7
420
 16777215
176
     1
 90
        0
176
     1
 90
        0
176
     1
 62
     7
176
     1
 62
   257
176
     1
 90
        1
176
     1
 90
        1
176
     1
 40
1.0
176
     1
 90
        8
176
     1
 62
   257
176
     1
 40
1.0
176
     1
 90
        1
176
     1
 90
        6
176
     1
 90
        2
176
     1
 62
     7
176
     1
 90
        3
176
     1
 90
        0
176
     1
 90
        0
176
     1
290
     0
176
     1
 90
       13
176
     1
 40
0.0
176
     1
 90
        0
176
     1
290
     0
176
     1
290
     1
176
     1
290
     1
176
     1
290
     0
176
     1
290
     0
176
     1
290
     0
176
     1
290
     0
176
     1
290
     0
176
     1
290
     0
176
     1
 90
       50
176
     1
 40
0.0
176
     1
 40
1.0
176
     1
 90
        0
176
     1
 62
    18
420
        0
176
     1
 90
       50
176
     1
 90
        3
176
     1
 62
     5
420
      255
176
     1
290
     0
176
     1
 90
       50
176
     1
 90
       50
176
     1
 90
       50
176
     1
290
     0
176
     1
 90
       50
176
     1
 62
   256
176
     0
 40
1.0
176
     0
 90
        2
176
     1
  1
strokes_ogs.tif
176
     1
290
     0
176
     1
 40
1.0
176
     1
 40
1.0
176
     1
  0
VISUALSTYLE
  5
42
102
{ACAD_REACTORS
330
2A
102
}
330
2A
100
AcDbVisualStyle
  2
Shaded
 70
    27
177
     3
291
     0
 70
    58
 90
        2
176
     1
 90
        2
176
     1
 90
        1
176
     1
 90
        2
176
     1
 40
0.6
176
     1
 40
30.0
176
     1
 62
     7
420
 16777215
176
     1
 90
        0
176
     1
 90
        4
176
     1
 62
     7
176
     1
 62
   257
176
     1
 90
        1
176
     1
 90
        1
176
     1
 40
1.0
176
     1
 90
        8
176
     1
 62
   257
176
     1
 40
1.0
176
     1
 90
        1
176
     1
 90
        6
176
     1
 90
        2
176
     1
 62
     8
420
  7895160
176
     1
 90
        3
176
     1
 90
        0
176
     1
 90
        0
176
     1
290
     0
176
     1
 90
        5
176
     1
 40
0.0
176
     1
 90
        0
176
     1
290
     0
176
     1
290
     1
176
     1
290
     1
176
     1
290
     0
176
     1
290
     0
176
     1
290
     0
176
     1
290
     0
176
     1
290
     0
176
     1
290
     0
176
     1
 90
       50
176
     1
 40
0.0
176
     1
 40
1.0
176
     1
 90
        0
176
     1
 62
    18
420
        0
176
     1
 90
       50
176
     1
 90
        3
176
     1
 62
     5
420
      255
176
     1
290
     0
176
     1
 90
       50
176
     1
 90
       50
176
     1
 90
       50
176
     1
290
     0
176
     1
 90
       50
176
     1
 62
   256
176
     0
 40
1.0
176
     0
 90
        2
176
     1
  1
strokes_ogs.tif
176
     1
290
     0
176
     1
 40
1.0
176
     1
 40
1.0
176
     1
  0
VISUALSTYLE
  5
41
102
{ACAD_REACTORS
330
2A
102
}
330
2A
100
AcDbVisualStyle
  2
Shaded with edges
 70
    26
177
     3
291
     0
 70
    58
 90
        2
176
     1
 90
        2
176
     1
 90
        1
176
     1
 90
        2
176
     1
 40
0.6
176
     1
 40
30.0
176
     1
 62
     7
420
 16777215
176
     1
 90
        1
176
     1
 90
       10
176
     1
 62
     7
176
     1
 62
   257
176
     1
 90
        2
176
     1
 90
        1
176
     1
 40
1.0
176
     1
 90
        8
176
     1
 62
   257
176
     1
 40
1.0
176
     1
 90
        1
176
     1
 90
        6
176
     1
 90
        2
176
     1
 62
     7
176
     1
 90
        3
176
     1
 90
        0
176
     1
 90
        0
176
     1
290
     0
176
     1
 90
        5
176
     1
 40
0.0
176
     1
 90
        0
176
     1
290
     0
176
     1
290
     1
176
     1
290
     1
176
     1
290
     0
176
     1
290
     0
176
     1
290
     0
176
     1
290
     0
176
     1
290
     0
176
     1
290
     0
176
     1
 90
       50
176
     1
 40
0.0
176
     1
 40
1.0
176
     1
 90
        0
176
     1
 62
    18
420
        0
176
     1
 90
       50
176
     1
 90
        3
176
     1
 62
     5
420
      255
176
     1
290
     0
176
     1
 90
       50
176
     1
 90
       50
176
     1
 90
       50
176
     1
290
     0
176
     1
 90
       50
176
     1
 62
   256
176
     0
 40
1.0
176
     0
 90
        2
176
     1
  1
strokes_ogs.tif
176
     1
290
     0
176
     1
 40
1.0
176
     1
 40
1.0
176
     1
  0
VISUALSTYLE
  5
3E
102
{ACAD_REACTORS
330
2A
102
}
330
2A
100
AcDbVisualStyle
  2
Shades of Gray
 70
    23
177
     3
291
     0
 70
    58
 90
        2
176
     1
 90
        2
176
     1
 90
        3
176
     1
 90
        0
176
     1
 40
0.6
176
     1
 40
30.0
176
     1
 62
     7
420
 16777215
176
     1
 90
        2
176
     1
 90
        2
176
     1
 62
     7
176
     1
 62
     7
176
     1
 90
        1
176
     1
 90
        1
176
     1
 40
40.0
176
     1
 90
        8
176
     1
 62
     7
176
     1
 40
1.0
176
     1
 90
        1
176
     1
 90
        6
176
     1
 90
        2
176
     1
 62
     7
176
     1
 90
        3
176
     1
 90
        0
176
     1
 90
        0
176
     1
290
     0
176
     1
 90
        1
176
     1
 40
0.0
176
     1
 90
        0
176
     1
290
     0
176
     1
290
     1
176
     1
290
     1
176
     1
290
     0
176
     1
290
     0
176
     1
290
     0
176
     1
290
     0
176
     1
290
     0
176
     1
290
     0
176
     1
 90
       50
176
     1
 40
0.0
176
     1
 40
1.0
176
     1
 90
        0
176
     1
 62
    18
420
        0
176
     1
 90
       50
176
     1
 90
        3
176
     1
 62
     5
420
      255
176
     1
290
     0
176
     1
 90
       50
176
     1
 90
       50
176
     1
 90
       50
176
     1
290
     0
176
     1
 90
       50
176
     1
 62
   256
176
     0
 40
1.0
176
     0
 90
        2
176
     1
  1
strokes_ogs.tif
176
     1
290
     0
176
     1
 40
1.0
176
     1
 40
1.0
176
     1
  0
VISUALSTYLE
  5
3F
102
{ACAD_REACTORS
330
2A
102
}
330
2A
100
AcDbVisualStyle
  2
Sketchy
 70
    24
177
     3
291
     0
 70
    58
 90
        1
176
     1
 90
        2
176
     1
 90
        2
176
     1
 90
        0
176
     1
 40
0.6
176
     1
 40
30.0
176
     1
 62
     7
420
 16777215
176
     1
 90
        2
176
     1
 90
        2
176
     1
 62
     7
176
     1
 62
     7
176
     1
 90
        1
176
     1
 90
        1
176
     1
 40
40.0
176
     1
 90
       11
176
     1
 62
     7
176
     1
 40
1.0
176
     1
 90
        1
176
     1
 90
        6
176
     1
 90
        2
176
     1
 62
     7
176
     1
 90
        6
176
     1
 90
        0
176
     1
 90
        0
176
     1
290
     0
176
     1
 90
        1
176
     1
 40
0.0
176
     1
 90
        0
176
     1
290
     0
176
     1
290
     1
176
     1
290
     1
176
     1
290
     0
176
     1
290
     0
176
     1
290
     0
176
     1
290
     0
176
     1
290
     0
176
     1
290
     0
176
     1
 90
       50
176
     1
 40
0.0
176
     1
 40
1.0
176
     1
 90
        0
176
     1
 62
    18
420
        0
176
     1
 90
       50
176
     1
 90
        3
176
     1
 62
     5
420
      255
176
     1
290
     0
176
     1
 90
       50
176
     1
 90
       50
176
     1
 90
       50
176
     1
290
     0
176
     1
 90
       50
176
     1
 62
   256
176
     0
 40
1.0
176
     0
 90
        2
176
     1
  1
strokes_ogs.tif
176
     1
290
     0
176
     1
 40
1.0
176
     1
 40
1.0
176
     1
  0
VISUALSTYLE
  5
37
102
{ACAD_REACTORS
330
2A
102
}
330
2A
100
AcDbVisualStyle
  2
Thicken
 70
    13
177
     3
291
     1
 70
    58
 90
        2
176
     1
 90
        2
176
     1
 90
        0
176
     1
 90
        0
176
     1
 40
0.6
176
     1
 40
30.0
176
     1
 62
     7
420
 16777215
176
     1
 90
        1
176
     1
 90
        4
176
     1
 62
     7
176
     1
 62
   257
176
     1
 90
        1
176
     1
 90
        1
176
     1
 40
1.0
176
     1
 90
       12
176
     1
 62
     7
176
     1
 40
1.0
176
     1
 90
        1
176
     1
 90
        6
176
     1
 90
        2
176
     1
 62
     7
176
     1
 90
        5
176
     1
 90
        0
176
     1
 90
        0
176
     1
290
     0
176
     1
 90
        1
176
     1
 40
0.0
176
     1
 90
        0
176
     1
290
     0
176
     1
290
     1
176
     1
290
     1
176
     1
290
     0
176
     1
290
     0
176
     1
290
     0
176
     1
290
     0
176
     1
290
     0
176
     1
290
     0
176
     1
 90
       50
176
     1
 40
0.0
176
     1
 40
1.0
176
     1
 90
        0
176
     1
 62
    18
420
        0
176
     1
 90
       50
176
     1
 90
        3
176
     1
 62
     5
420
      255
176
     1
290
     0
176
     1
 90
       50
176
     1
 90
       50
176
     1
 90
       50
176
     1
290
     0
176
     1
 90
       50
176
     1
 62
   256
176
     0
 40
1.0
176
     0
 90
        2
176
     1
  1
strokes_ogs.tif
176
     1
290
     0
176
     1
 40
1.0
176
     1
 40
1.0
176
     1
  0
VISUALSTYLE
  5
30
102
{ACAD_REACTORS
330
2A
102
}
330
2A
100
AcDbVisualStyle
  2
Wireframe
 70
     5
177
     3
291
     0
 70
    58
 90
        0
176
     1
 90
        2
176
     1
 90
        0
176
     1
 90
        0
176
     1
 40
0.6
176
     1
 40
30.0
176
     1
 62
     7
420
 16777215
176
     1
 90
        1
176
     1
 90
        4
176
     1
 62
     7
176
     1
 62
   257
176
     1
 90
        1
176
     1
 90
        1
176
     1
 40
1.0
176
     1
 90
        0
176
     1
 62
   257
176
     1
 40
1.0
176
     1
 90
        1
176
     1
 90
        6
176
     1
 90
        2
176
     1
 62
     7
176
     1
 90
        3
176
     1
 90
        0
176
     1
 90
        0
176
     1
290
     0
176
     1
 90
        1
176
     1
 40
0.0
176
     1
 90
        0
176
     1
290
     0
176
     1
290
     1
176
     1
290
     1
176
     1
290
     0
176
     1
290
     0
176
     1
290
     0
176
     1
290
     0
176
     1
290
     0
176
     1
290
     0
176
     1
 90
       50
176
     1
 40
0.0
176
     1
 40
1.0
176
     1
 90
        0
176
     1
 62
    18
420
        0
176
     1
 90
       50
176
     1
 90
        3
176
     1
 62
     5
420
      255
176
     1
290
     0
176
     1
 90
       50
176
     1
 90
       50
176
     1
 90
       50
176
     1
290
     0
176
     1
 90
       50
176
     1
 62
   256
176
     0
 40
1.0
176
     0
 90
        2
176
     1
  1
strokes_ogs.tif
176
     1
290
     0
176
     1
 40
1.0
176
     1
 40
1.0
176
     1
  0
VISUALSTYLE
  5
40
102
{ACAD_REACTORS
330
2A
102
}
330
2A
100
AcDbVisualStyle
  2
X-Ray
 70
    25
177
     3
291
     0
 70
    58
 90
        2
176
     1
 90
        2
176
     1
 90
        1
176
     1
 90
        1
176
     1
 40
0.5
176
     1
 40
30.0
176
     1
 62
     7
420
 16777215
176
     1
 90
        1
176
     1
 90
        0
176
     1
 62
     7
176
     1
 62
   257
176
     1
 90
        1
176
     1
 90
        1
176
     1
 40
1.0
176
     1
 90
        8
176
     1
 62
     7
176
     1
 40
1.0
176
     1
 90
        1
176
     1
 90
        6
176
     1
 90
        2
176
     1
 62
     7
176
     1
 90
        3
176
     1
 90
        0
176
     1
 90
        0
176
     1
290
     0
176
     1
 90
       13
176
     1
 40
0.0
176
     1
 90
        0
176
     1
290
     0
176
     1
290
     1
176
     1
290
     1
176
     1
290
     0
176
     1
290
     0
176
     1
290
     0
176
     1
290
     0
176
     1
290
     0
176
     1
290
     0
176
     1
 90
       50
176
     1
 40
0.0
176
     1
 40
1.0
176
     1
 90
        0
176
     1
 62
    18
420
        0
176
     1
 90
       50
176
     1
 90
        3
176
     1
 62
     5
420
      255
176
     1
290
     0
176
     1
 90
       50
176
     1
 90
       50
176
     1
 90
       50
176
     1
290
     0
176
     1
 90
       50
176
     1
 62
   256
176
     0
 40
1.0
176
     0
 90
        2
176
     1
  1
strokes_ogs.tif
176
     1
290
     0
176
     1
 40
1.0
176
     1
 40
1.0
176
     1
  0
DICTIONARYVAR
  5
CA
102
{ACAD_REACTORS
330
C9
102
}
330
C9
100
DictionaryVariables
280
     0
  1
1:1
  0
DICTIONARYVAR
  5
CF
102
{ACAD_REACTORS
330
C9
102
}
330
C9
100
DictionaryVariables
280
     0
  1
Standard
  0
DICTIONARYVAR
  5
CE
102
{ACAD_REACTORS
330
C9
102
}
330
C9
100
DictionaryVariables
280
     0
  1
Standard
  0
DICTIONARY
  5
CB
330
5A
100
AcDbDictionary
280
     1
281
     1
  3
ACAD_ROUNDTRIP_2008_TABLESTYLE_CELLSTYLEMAP
360
CC
  0
CELLSTYLEMAP
  5
CC
102
{ACAD_REACTORS
330
CB
102
}
330
CB
100
AcDbCellStyleMap
 90
        3
300
CELLSTYLE
  1
TABLEFORMAT_BEGIN
 90
        5
170
     1
 91
        0
 92
    32768
 62
   257
 93
        1
300
CONTENTFORMAT
  1
CONTENTFORMAT_BEGIN
 90
        0
 91
        0
 92
        4
 93
        0
300

 40
0.0
140
1.0
 94
        5
 62
     0
340
11
144
0.25
309
CONTENTFORMAT_END
171
     1
301
MARGIN
  1
CELLMARGIN_BEGIN
 40
0.06
 40
0.06
 40
0.06
 40
0.06
 40
0.06
 40
0.06
309
CELLMARGIN_END
 94
        6
 95
        1
302
GRIDFORMAT
  1
GRIDFORMAT_BEGIN
 90
        0
 91
        1
 62
     0
 92
       -2
340
14
 93
        0
 40
0.045
309
GRIDFORMAT_END
 95
        2
302
GRIDFORMAT
  1
GRIDFORMAT_BEGIN
 90
        0
 91
        1
 62
     0
 92
       -2
340
14
 93
        0
 40
0.045
309
GRIDFORMAT_END
 95
        4
302
GRIDFORMAT
  1
GRIDFORMAT_BEGIN
 90
        0
 91
        1
 62
     0
 92
       -2
340
14
 93
        0
 40
0.045
309
GRIDFORMAT_END
 95
        8
302
GRIDFORMAT
  1
GRIDFORMAT_BEGIN
 90
        0
 91
        1
 62
     0
 92
       -2
340
14
 93
        0
 40
0.045
309
GRIDFORMAT_END
 95
       16
302
GRIDFORMAT
  1
GRIDFORMAT_BEGIN
 90
        0
 91
        1
 62
     0
 92
       -2
340
14
 93
        0
 40
0.045
309
GRIDFORMAT_END
 95
       32
302
GRIDFORMAT
  1
GRIDFORMAT_BEGIN
 90
        0
 91
        1
 62
     0
 92
       -2
340
14
 93
        0
 40
0.045
309
GRIDFORMAT_END
309
TABLEFORMAT_END
  1
CELLSTYLE_BEGIN
 90
        1
 91
        1
300
_TITLE
309
CELLSTYLE_END
300
CELLSTYLE
  1
TABLEFORMAT_BEGIN
 90
        5
170
     1
 91
        0
 92
        0
 62
   257
 93
        1
300
CONTENTFORMAT
  1
CONTENTFORMAT_BEGIN
 90
        0
 91
        0
 92
        4
 93
        0
300

 40
0.0
140
1.0
 94
        5
 62
     0
340
11
144
0.18
309
CONTENTFORMAT_END
171
     1
301
MARGIN
  1
CELLMARGIN_BEGIN
 40
0.06
 40
0.06
 40
0.06
 40
0.06
 40
0.06
 40
0.06
309
CELLMARGIN_END
 94
        6
 95
        1
302
GRIDFORMAT
  1
GRIDFORMAT_BEGIN
 90
        0
 91
        1
 62
     0
 92
       -2
340
14
 93
        0
 40
0.045
309
GRIDFORMAT_END
 95
        2
302
GRIDFORMAT
  1
GRIDFORMAT_BEGIN
 90
        0
 91
        1
 62
     0
 92
       -2
340
14
 93
        0
 40
0.045
309
GRIDFORMAT_END
 95
        4
302
GRIDFORMAT
  1
GRIDFORMAT_BEGIN
 90
        0
 91
        1
 62
     0
 92
       -2
340
14
 93
        0
 40
0.045
309
GRIDFORMAT_END
 95
        8
302
GRIDFORMAT
  1
GRIDFORMAT_BEGIN
 90
        0
 91
        1
 62
     0
 92
       -2
340
14
 93
        0
 40
0.045
309
GRIDFORMAT_END
 95
       16
302
GRIDFORMAT
  1
GRIDFORMAT_BEGIN
 90
        0
 91
        1
 62
     0
 92
       -2
340
14
 93
        0
 40
0.045
309
GRIDFORMAT_END
 95
       32
302
GRIDFORMAT
  1
GRIDFORMAT_BEGIN
 90
        0
 91
        1
 62
     0
 92
       -2
340
14
 93
        0
 40
0.045
309
GRIDFORMAT_END
309
TABLEFORMAT_END
  1
CELLSTYLE_BEGIN
 90
        2
 91
        1
300
_HEADER
309
CELLSTYLE_END
300
CELLSTYLE
  1
TABLEFORMAT_BEGIN
 90
        5
170
     1
 91
        0
 92
        0
 62
   257
 93
        1
300
CONTENTFORMAT
  1
CONTENTFORMAT_BEGIN
 90
        0
 91
        0
 92
        4
 93
        0
300

 40
0.0
140
1.0
 94
        2
 62
     0
340
11
144
0.18
309
CONTENTFORMAT_END
171
     1
301
MARGIN
  1
CELLMARGIN_BEGIN
 40
0.06
 40
0.06
 40
0.06
 40
0.06
 40
0.06
 40
0.06
309
CELLMARGIN_END
 94
        6
 95
        1
302
GRIDFORMAT
  1
GRIDFORMAT_BEGIN
 90
        0
 91
        1
 62
     0
 92
       -2
340
14
 93
        0
 40
0.045
309
GRIDFORMAT_END
 95
        2
302
GRIDFORMAT
  1
GRIDFORMAT_BEGIN
 90
        0
 91
        1
 62
     0
 92
       -2
340
14
 93
        0
 40
0.045
309
GRIDFORMAT_END
 95
        4
302
GRIDFORMAT
  1
GRIDFORMAT_BEGIN
 90
        0
 91
        1
 62
     0
 92
       -2
340
14
 93
        0
 40
0.045
309
GRIDFORMAT_END
 95
        8
302
GRIDFORMAT
  1
GRIDFORMAT_BEGIN
 90
        0
 91
        1
 62
     0
 92
       -2
340
14
 93
        0
 40
0.045
309
GRIDFORMAT_END
 95
       16
302
GRIDFORMAT
  1
GRIDFORMAT_BEGIN
 90
        0
 91
        1
 62
     0
 92
       -2
340
14
 93
        0
 40
0.045
309
GRIDFORMAT_END
 95
       32
302
GRIDFORMAT
  1
GRIDFORMAT_BEGIN
 90
        0
 91
        1
 62
     0
 92
       -2
340
14
 93
        0
 40
0.045
309
GRIDFORMAT_END
309
TABLEFORMAT_END
  1
CELLSTYLE_BEGIN
 90
        3
 91
        2
300
_DATA
309
CELLSTYLE_END
  0
ENDSEC
  0
EOF
